,state,date,positive,AQI
0,AK,3/2/20,0,54.16666667
1,AK,3/9/20,0,53.14285714
2,AK,3/16/20,114,48.71428571
3,AK,3/23/20,547,38.57142857
4,AK,3/30/20,1125,33.57142857
5,AK,4/6/20,1726,20.28571429
6,AK,4/13/20,2141,26.14285714
7,AK,4/20/20,2365,17.42857143
8,AK,4/27/20,2528,29
9,AK,5/4/20,2632,20
10,AK,5/11/20,2739,39.42857143
11,AK,5/18/20,2846,31
12,AK,5/25/20,3054,32.57142857
13,AK,6/1/20,3702,24.42857143
14,AK,6/8/20,4411,30.14285714
15,AK,6/15/20,5102,19.14285714
16,AK,6/22/20,5893,29
17,AK,6/29/20,7434,36.28571429
18,AK,7/6/20,9409,28.85714286
19,AK,7/13/20,12279,24.85714286
20,AK,7/20/20,16155,12.14285714
21,AK,7/27/20,21159,18
22,AK,8/3/20,24993,14.71428571
23,AK,8/10/20,28525,13.71428571
24,AK,8/17/20,32249,12.28571429
25,AK,8/24/20,35631,10.57142857
26,AK,8/31/20,39044,7.5
27,AK,9/7/20,42723,38.57142857
28,AK,9/14/20,46587,33.57142857
29,AK,9/21/20,51215,20.28571429
30,AK,9/28/20,57263,26.14285714
31,AK,10/5/20,65055,17.42857143
32,AK,10/12/20,74311,29
33,AK,10/19/20,86177,20
34,AK,10/26/20,104231,39.42857143
35,AK,11/2/20,124066,31
36,AK,11/9/20,149865,32.57142857
37,AK,11/16/20,178287,24.42857143
38,AK,11/23/20,206797,32.57142857
39,AK,11/30/20,238576,26.14285714
40,AK,12/7/20,36758,17.42857143
41,AL,3/2/20,0,47
42,AL,3/9/20,47,56.85714286
43,AL,3/16/20,660,34.28571429
44,AL,3/23/20,3952,47.42857143
45,AL,3/30/20,10067,48.42857143
46,AL,4/6/20,20675,50.28571429
47,AL,4/13/20,31381,42.28571429
48,AL,4/20/20,41212,43.42857143
49,AL,4/27/20,50890,47.42857143
50,AL,5/4/20,64338,47.57142857
51,AL,5/11/20,78491,38.57142857
52,AL,5/18/20,94797,47
53,AL,5/25/20,117997,51.71428571
54,AL,6/1/20,137420,53.42857143
55,AL,6/8/20,166454,53
56,AL,6/15/20,201456,46
57,AL,6/22/20,238249,49
58,AL,6/29/20,290676,56.42857143
59,AL,7/6/20,353508,49.57142857
60,AL,7/13/20,441637,47.71428571
61,AL,7/20/20,530927,43.28571429
62,AL,7/27/20,613087,47.42857143
63,AL,8/3/20,685990,45.14285714
64,AL,8/10/20,745520,54.42857143
65,AL,8/17/20,793360,58.71428571
66,AL,8/24/20,854886,60.42857143
67,AL,8/31/20,912623,53.57142857
68,AL,9/7/20,956151,48.14285714
69,AL,9/14/20,1000773,65.14285714
70,AL,9/21/20,1049496,40.28571429
71,AL,9/28/20,1097959,45.57142857
72,AL,10/5/20,1143279,75.28571429
73,AL,10/12/20,1192479,50.85714286
74,AL,10/19/20,1259989,58.57142857
75,AL,10/26/20,1334950,42
76,AL,11/2/20,1404604,3
77,AL,11/9/20,1492355,54.42857143
78,AL,11/16/20,1595911,58.71428571
79,AL,11/23/20,1702760,60.42857143
80,AL,11/30/20,1843981,53.57142857
81,AL,12/7/20,276665,48.14285714
82,AR,3/2/20,0,46.33333333
83,AR,3/9/20,65,36.42857143
84,AR,3/16/20,654,33.14285714
85,AR,3/23/20,2517,35.14285714
86,AR,3/30/20,4902,41.14285714
87,AR,4/6/20,8152,27.57142857
88,AR,4/13/20,11807,31.42857143
89,AR,4/20/20,18496,32.42857143
90,AR,4/27/20,23140,37.14285714
91,AR,5/4/20,25897,49.14285714
92,AR,5/11/20,31177,34.28571429
93,AR,5/18/20,38559,31.28571429
94,AR,5/25/20,47242,46
95,AR,6/1/20,60495,48.85714286
96,AR,6/8/20,79776,45.42857143
97,AR,6/15/20,101723,41.14285714
98,AR,6/22/20,128484,40.28571429
99,AR,6/29/20,157342,44
100,AR,7/6/20,185988,41.42857143
101,AR,7/13/20,221128,36.28571429
102,AR,7/20/20,258728,40.85714286
103,AR,7/27/20,296362,43.28571429
104,AR,8/3/20,334191,52.71428571
105,AR,8/10/20,363417,53.71428571
106,AR,8/17/20,387787,61.71428571
107,AR,8/24/20,416183,62.14285714
108,AR,8/31/20,448523,55.28571429
109,AR,9/7/20,481354,47.85714286
110,AR,9/14/20,518116,52.85714286
111,AR,9/21/20,557985,31
112,AR,9/28/20,598020,37.71428571
113,AR,10/5/20,635781,52.28571429
114,AR,10/12/20,680561,50.57142857
115,AR,10/19/20,727130,47.85714286
116,AR,10/26/20,774926,47.42857143
117,AR,11/2/20,832426,41
118,AR,11/9/20,906462,50.42857143
119,AR,11/16/20,990474,54.42857143
120,AR,11/23/20,1073523,33
121,AR,11/30/20,1164625,25
122,AR,12/7/20,174325,50.57142857
163,AZ,3/2/20,22,97.16666667
164,AZ,3/9/20,75,61.28571429
165,AZ,3/16/20,678,69.42857143
166,AZ,3/23/20,5069,67
167,AZ,3/30/20,12813,67
168,AZ,4/6/20,22065,53.71428571
169,AZ,4/13/20,31221,60.85714286
170,AZ,4/20/20,42046,52.85714286
171,AZ,4/27/20,55683,50.57142857
172,AZ,5/4/20,72942,46.57142857
173,AZ,5/11/20,91493,39.71428571
174,AZ,5/18/20,109325,49.57142857
175,AZ,5/25/20,129587,58.57142857
176,AZ,6/1/20,170586,57.57142857
177,AZ,6/8/20,229184,53.14285714
178,AZ,6/15/20,326927,63.42857143
179,AZ,6/22/20,466223,76.57142857
180,AZ,6/29/20,636673,98.57142857
181,AZ,7/6/20,809492,113.5714286
182,AZ,7/13/20,962659,74
183,AZ,7/20/20,1094419,80.85714286
184,AZ,7/27/20,1213981,101.7142857
185,AZ,8/3/20,1291961,80
186,AZ,8/10/20,1340891,75
187,AZ,8/17/20,1378068,72
188,AZ,8/24/20,1404312,74.85714286
189,AZ,8/31/20,1431083,56.57142857
190,AZ,9/7/20,1452476,58.28571429
191,AZ,9/14/20,1485538,56.71428571
192,AZ,9/21/20,1513922,87.85714286
193,AZ,9/28/20,1537889,77.71428571
194,AZ,10/5/20,1568560,50.57142857
195,AZ,10/12/20,1606056,60
196,AZ,10/19/20,1651536,85.28571429
197,AZ,10/26/20,1709370,86.57142857
198,AZ,11/2/20,1784330,52.71428571
199,AZ,11/9/20,1889836,53.85714286
200,AZ,11/16/20,2039242,99.57142857
201,AZ,11/23/20,2226268,56.28571429
202,AZ,11/30/20,2465659,44.66666667
203,AZ,12/7/20,378157,44.66666667
204,CA,3/2/20,437,90
205,CA,3/9/20,1574,65.57142857
206,CA,3/16/20,7629,75.57142857
207,CA,3/23/20,28140,77
208,CA,3/30/20,75329,60
209,CA,4/6/20,135360,60
210,CA,4/13/20,191746,64
211,CA,4/20/20,272045,66.14285714
212,CA,4/27/20,351640,55.57142857
213,CA,5/4/20,437333,52.85714286
214,CA,5/11/20,524685,39.42857143
215,CA,5/18/20,618392,45.14285714
216,CA,5/25/20,731763,48
217,CA,6/1/20,861852,53.57142857
218,CA,6/8/20,996894,42.28571429
219,CA,6/15/20,1158277,52.28571429
220,CA,6/22/20,1406255,126.7142857
221,CA,6/29/20,1750710,119.7142857
222,CA,7/6/20,2130348,153.2857143
223,CA,7/13/20,2558077,68.42857143
224,CA,7/20/20,3034904,83.14285714
225,CA,7/27/20,3445138,98.42857143
226,CA,8/3/20,3774403,81.14285714
227,CA,8/10/20,4217965,101.5714286
228,CA,8/17/20,4555761,89.85714286
229,CA,8/24/20,4822414,108.2857143
230,CA,8/31/20,5053927,26.5
231,CA,9/7/20,5229493,68.42857143
232,CA,9/14/20,5393237,83.14285714
233,CA,9/21/20,5562282,98.42857143
234,CA,9/28/20,5718963,81.14285714
235,CA,10/5/20,5872475,101.5714286
236,CA,10/12/20,6029918,89.85714286
237,CA,10/19/20,6211299,108.2857143
238,CA,10/26/20,6421900,26.5
239,CA,11/2/20,6663799,68.42857143
240,CA,11/9/20,7008968,83.14285714
241,CA,11/16/20,7517423,98.42857143
242,CA,11/23/20,8194983,81.14285714
243,CA,11/30/20,9041993,101.5714286
244,CA,12/7/20,1389707,89.85714286
245,CO,3/2/20,41,47.83333333
246,CO,3/9/20,668,50
247,CO,3/16/20,2825,56.28571429
248,CO,3/23/20,12157,59.28571429
249,CO,3/30/20,28896,47.14285714
250,CO,4/6/20,45683,51.57142857
251,CO,4/13/20,63212,63.28571429
252,CO,4/20/20,85130,52.14285714
253,CO,4/27/20,109893,43.28571429
254,CO,5/4/20,131349,44.28571429
255,CO,5/11/20,148475,45
256,CO,5/18/20,164364,47.28571429
257,CO,5/25/20,179119,43.42857143
258,CO,6/1/20,192855,39.42857143
259,CO,6/8/20,201761,44.42857143
260,CO,6/15/20,210796,53
261,CO,6/22/20,222163,43.57142857
262,CO,6/29/20,234903,46
263,CO,7/6/20,252242,50.28571429
264,CO,7/13/20,274407,49.85714286
265,CO,7/20/20,300741,48.28571429
266,CO,7/27/20,327074,43.14285714
267,CO,8/3/20,348734,47.42857143
268,CO,8/10/20,367338,47.14285714
269,CO,8/17/20,381715,50.85714286
270,CO,8/24/20,396597,49.42857143
271,CO,8/31/20,410486,61.85714286
272,CO,9/7/20,424201,74.14285714
273,CO,9/14/20,446292,56.28571429
274,CO,9/21/20,474944,59.71428571
275,CO,9/28/20,502845,63
276,CO,10/5/20,536657,77.57142857
277,CO,10/12/20,582055,81.71428571
278,CO,10/19/20,644014,113.1428571
279,CO,10/26/20,734788,73.71428571
280,CO,11/2/20,871309,68.57142857
281,CO,11/9/20,1072830,36
282,CO,11/16/20,1315673,91.57142857
283,CO,11/23/20,1541665,61.14285714
284,CO,11/30/20,1760459,58.57142857
285,CO,12/7/20,268589,58.57142857
286,CT,3/2/20,2,34.66666667
287,CT,3/9/20,74,33
288,CT,3/16/20,1231,31.28571429
289,CT,3/23/20,9884,49.28571429
290,CT,3/30/20,33280,40.71428571
291,CT,4/6/20,72810,35.71428571
292,CT,4/13/20,115611,38.85714286
293,CT,4/20/20,164970,39.14285714
294,CT,4/27/20,196881,38.57142857
295,CT,5/4/20,226114,43.71428571
296,CT,5/11/20,252975,42.85714286
297,CT,5/18/20,277658,43.85714286
298,CT,5/25/20,292878,43.57142857
299,CT,6/1/20,304647,42.85714286
300,CT,6/8/20,312993,47.14285714
301,CT,6/15/20,319027,48.14285714
302,CT,6/22/20,322736,43
303,CT,6/29/20,326859,47.57142857
304,CT,7/6/20,330721,43.42857143
305,CT,7/13/20,334650,55.85714286
306,CT,7/20/20,339862,41.42857143
307,CT,7/27/20,347779,37.14285714
308,CT,8/3/20,352107,65.14285714
309,CT,8/10/20,356130,62.42857143
310,CT,8/17/20,360569,60.71428571
311,CT,8/24/20,366974,65.14285714
312,CT,8/31/20,372783,44
313,CT,9/7/20,379619,48.14285714
314,CT,9/14/20,388188,43
315,CT,9/21/20,395855,47.57142857
316,CT,9/28/20,406632,43.42857143
317,CT,10/5/20,419844,55.85714286
318,CT,10/12/20,438097,41.42857143
319,CT,10/19/20,460954,37.14285714
320,CT,10/26/20,495689,65.14285714
321,CT,11/2/20,542129,62.42857143
322,CT,11/9/20,612846,60.71428571
323,CT,11/16/20,702542,65.14285714
324,CT,11/23/20,780622,44
325,CT,11/30/20,885346,65.14285714
326,CT,12/7/20,138258,62.42857143
327,DC,3/2/20,2,35
328,DC,3/9/20,73,34.42857143
329,DC,3/16/20,454,35.42857143
330,DC,3/23/20,1865,40.71428571
331,DC,3/30/20,5488,42.85714286
332,DC,4/6/20,11442,32.71428571
333,DC,4/13/20,17467,35
334,DC,4/20/20,24625,43.42857143
335,DC,4/27/20,32064,38
336,DC,5/4/20,41099,38.85714286
337,DC,5/11/20,48111,37.71428571
338,DC,5/18/20,54823,38.57142857
339,DC,5/25/20,60145,37.57142857
340,DC,6/1/20,64211,39.57142857
341,DC,6/8/20,67529,44.28571429
342,DC,6/15/20,69582,43.71428571
343,DC,6/22/20,71322,38.42857143
344,DC,6/29/20,72961,40.57142857
345,DC,7/6/20,75187,39.14285714
346,DC,7/13/20,77957,44.85714286
347,DC,7/20/20,81531,38.28571429
348,DC,7/27/20,84919,38.57142857
349,DC,8/3/20,88161,56.71428571
350,DC,8/10/20,91649,51
351,DC,8/17/20,94320,37
352,DC,8/24/20,96927,49.85714286
353,DC,8/31/20,99279,67.85714286
354,DC,9/7/20,101420,36.28571429
355,DC,9/14/20,103907,43.85714286
356,DC,9/21/20,106069,41.57142857
357,DC,9/28/20,107946,34.71428571
358,DC,10/5/20,110881,34.57142857
359,DC,10/12/20,113720,41.28571429
360,DC,10/19/20,116374,34.71428571
361,DC,10/26/20,120170,34.85714286
362,DC,11/2/20,124578,34.14285714
363,DC,11/9/20,130580,27.57142857
364,DC,11/16/20,138662,32.42857143
365,DC,11/23/20,146906,34.71428571
366,DC,11/30/20,157498,20
367,DC,12/7/20,23589,32.42857143
368,DE,3/2/20,0,39.5
369,DE,3/9/20,29,36.28571429
370,DE,3/16/20,278,43
371,DE,3/23/20,1209,44.85714286
372,DE,3/30/20,3469,49.85714286
373,DE,4/6/20,8972,36
374,DE,4/13/20,15779,38.85714286
375,DE,4/20/20,24653,42.14285714
376,DE,4/27/20,34416,38.85714286
377,DE,5/4/20,42488,43.28571429
378,DE,5/11/20,51375,40.42857143
379,DE,5/18/20,59610,41.14285714
380,DE,5/25/20,65094,39.57142857
381,DE,6/1/20,68675,40
382,DE,6/8/20,71188,43
383,DE,6/15/20,74233,43.71428571
384,DE,6/22/20,77426,38.42857143
385,DE,6/29/20,83055,43
386,DE,7/6/20,88485,39.71428571
387,DE,7/13/20,92937,46
388,DE,7/20/20,98535,43.14285714
389,DE,7/27/20,103436,34.14285714
390,DE,8/3/20,107954,52.28571429
391,DE,8/10/20,113088,49.85714286
392,DE,8/17/20,117389,35.85714286
393,DE,8/24/20,120128,52.57142857
394,DE,8/31/20,124673,24.5
395,DE,9/7/20,130060,46
396,DE,9/14/20,135737,43.14285714
397,DE,9/21/20,140428,34.14285714
398,DE,9/28/20,146599,52.28571429
399,DE,10/5/20,152942,49.85714286
400,DE,10/12/20,159374,35.85714286
401,DE,10/19/20,165891,52.57142857
402,DE,10/26/20,173333,24.5
403,DE,11/2/20,182517,46
404,DE,11/9/20,196414,43.14285714
405,DE,11/16/20,215616,34.14285714
406,DE,11/23/20,238983,52.28571429
407,DE,11/30/20,268614,49.85714286
408,DE,12/7/20,41464,35.85714286
409,FL,1/27/20,0,44.66666667
410,FL,2/3/20,0,48.14285714
411,FL,2/10/20,0,40.85714286
412,FL,2/17/20,0,47
413,FL,2/24/20,0,43
414,FL,3/2/20,53,41.42857143
415,FL,3/9/20,359,40.42857143
416,FL,3/16/20,3344,36.14285714
417,FL,3/23/20,19021,44
418,FL,3/30/20,61842,43.85714286
419,FL,4/6/20,113768,36
420,FL,4/13/20,159222,35.42857143
421,FL,4/20/20,200548,40.71428571
422,FL,4/27/20,234381,51.85714286
423,FL,5/4/20,265308,50
424,FL,5/11/20,297440,53
425,FL,5/18/20,333958,55.71428571
426,FL,5/25/20,369546,55
427,FL,6/1/20,415884,48.28571429
428,FL,6/8/20,484683,42.85714286
429,FL,6/15/20,609406,42
430,FL,6/22/20,853055,38.71428571
431,FL,6/29/20,1232938,39.42857143
432,FL,7/6/20,1691913,35.28571429
433,FL,7/13/20,2246891,30.28571429
434,FL,7/20/20,2769066,54.42857143
435,FL,7/27/20,3235241,33
436,FL,8/3/20,3572632,55
437,FL,8/10/20,3885835,48.28571429
438,FL,8/17/20,4103213,42.85714286
439,FL,8/24/20,4259293,42
440,FL,8/31/20,4430312,38.71428571
441,FL,9/7/20,4554574,39.42857143
442,FL,9/14/20,4686618,35.28571429
443,FL,9/21/20,4810232,30.28571429
444,FL,9/28/20,4920909,54.42857143
445,FL,10/5/20,5034759,33
446,FL,10/12/20,5172418,55
447,FL,10/19/20,5330761,48.28571429
448,FL,10/26/20,5520650,42.85714286
449,FL,11/2/20,5748883,42
450,FL,11/9/20,6010523,38.71428571
451,FL,11/16/20,6361858,39.42857143
452,FL,11/23/20,6726620,35.28571429
453,FL,11/30/20,7150063,30.28571429
454,FL,12/7/20,1056065,54.42857143
455,GA,3/2/20,31,34.33333333
456,GA,3/9/20,398,37.14285714
457,GA,3/16/20,2929,27.85714286
458,GA,3/23/20,13625,33.28571429
459,GA,3/30/20,39867,42.57142857
460,GA,4/6/20,78694,35.71428571
461,GA,4/13/20,116990,31.28571429
462,GA,4/20/20,154289,35.42857143
463,GA,4/27/20,189939,37.85714286
464,GA,5/4/20,223852,42.14285714
465,GA,5/11/20,255435,46.28571429
466,GA,5/18/20,288305,50.85714286
467,GA,5/25/20,319781,48.28571429
468,GA,6/1/20,353273,51.71428571
469,GA,6/8/20,390881,50.71428571
470,GA,6/15/20,436467,45.14285714
471,GA,6/22/20,512761,40.42857143
472,GA,6/29/20,629629,56
473,GA,7/6/20,774194,45.28571429
474,GA,7/13/20,946825,46.42857143
475,GA,7/20/20,1123263,38.57142857
476,GA,7/27/20,1300637,40
477,GA,8/3/20,1462608,43
478,GA,8/10/20,1620363,44.28571429
479,GA,8/17/20,1744454,49
480,GA,8/24/20,1854592,57.85714286
481,GA,8/31/20,1952506,61.42857143
482,GA,9/7/20,2035097,43.57142857
483,GA,9/14/20,2118044,68.85714286
484,GA,9/21/20,2185298,40.42857143
485,GA,9/28/20,2243017,48.28571429
486,GA,10/5/20,2301220,57.57142857
487,GA,10/12/20,2363248,50
488,GA,10/19/20,2431891,38
489,GA,10/26/20,2509163,43.42857143
490,GA,11/2/20,2588599,34.57142857
491,GA,11/9/20,2676319,28.14285714
492,GA,11/16/20,2794473,29.14285714
493,GA,11/23/20,2911528,29.71428571
494,GA,11/30/20,3060084,26
495,GA,12/7/20,452369,29.14285714
536,HI,3/2/20,4,36.83333333
537,HI,3/9/20,19,34.28571429
538,HI,3/16/20,207,36.28571429
539,HI,3/23/20,814,33.42857143
540,HI,3/30/20,1996,45.71428571
541,HI,4/6/20,3124,38.57142857
542,HI,4/13/20,3799,36.71428571
543,HI,4/20/20,4168,38.42857143
544,HI,4/27/20,4306,34.14285714
545,HI,5/4/20,4393,42
546,HI,5/11/20,4461,32.71428571
547,HI,5/18/20,4499,31.42857143
548,HI,5/25/20,4529,37.42857143
549,HI,6/1/20,4625,33.28571429
550,HI,6/8/20,4892,37.28571429
551,HI,6/15/20,5388,31
552,HI,6/22/20,5957,30.85714286
553,HI,6/29/20,6686,23.42857143
554,HI,7/6/20,7903,37.57142857
555,HI,7/13/20,9179,25.71428571
556,HI,7/20/20,10588,22.85714286
557,HI,7/27/20,13872,22.42857143
558,HI,8/3/20,20675,23.71428571
559,HI,8/10/20,30630,26.42857143
560,HI,8/17/20,41540,22.57142857
561,HI,8/24/20,53102,19.28571429
562,HI,8/31/20,64339,9
563,HI,9/7/20,72941,37.57142857
564,HI,9/14/20,78633,25.71428571
565,HI,9/21/20,83647,22.85714286
566,HI,9/28/20,88834,22.42857143
567,HI,10/5/20,93467,23.71428571
568,HI,10/12/20,97734,26.42857143
569,HI,10/19/20,101872,22.57142857
570,HI,10/26/20,105914,19.28571429
571,HI,11/2/20,110599,9
572,HI,11/9/20,115797,9
573,HI,11/16/20,120599,37.57142857
574,HI,11/23/20,125750,25.71428571
575,HI,11/30/20,130200,22.85714286
576,HI,12/7/20,18976,22.42857143
577,IA,3/2/20,3,21.66666667
578,IA,3/9/20,108,27.85714286
579,IA,3/16/20,398,39.28571429
580,IA,3/23/20,1741,50.85714286
581,IA,3/30/20,4959,38.57142857
582,IA,4/6/20,9658,29.71428571
583,IA,4/13/20,16941,31.14285714
584,IA,4/20/20,32194,25.57142857
585,IA,4/27/20,55761,28.42857143
586,IA,5/4/20,79034,39.71428571
587,IA,5/11/20,97859,34.28571429
588,IA,5/18/20,115359,29.85714286
589,IA,5/25/20,132055,32.85714286
590,IA,6/1/20,147160,37.14285714
591,IA,6/8/20,162758,44.14285714
592,IA,6/15/20,176279,40
593,IA,6/22/20,193244,49.28571429
594,IA,6/29/20,213147,41.57142857
595,IA,7/6/20,237009,38.57142857
596,IA,7/13/20,262790,38
597,IA,7/20/20,287597,34.14285714
598,IA,7/27/20,310983,38.85714286
599,IA,8/3/20,334070,61
600,IA,8/10/20,357346,45.85714286
601,IA,8/17/20,383903,50
602,IA,8/24/20,424083,49.42857143
603,IA,8/31/20,465318,85.14285714
604,IA,9/7/20,497252,46.57142857
605,IA,9/14/20,531672,39.28571429
606,IA,9/21/20,572508,32.42857143
607,IA,9/28/20,611291,31.14285714
608,IA,10/5/20,651576,34.14285714
609,IA,10/12/20,697965,40.14285714
610,IA,10/19/20,748275,42
611,IA,10/26/20,821564,41.28571429
612,IA,11/2/20,938137,34.14285714
613,IA,11/9/20,1115210,19.85714286
614,IA,11/16/20,1268816,36.85714286
615,IA,11/23/20,1384215,34.14285714
616,IA,11/30/20,1466724,28.57142857
617,IA,12/7/20,214897,39.57142857
618,ID,3/2/20,0,31.5
619,ID,3/9/20,12,29.42857143
620,ID,3/16/20,170,30
621,ID,3/23/20,1236,32.71428571
622,ID,3/30/20,5691,25.71428571
623,ID,4/6/20,9194,28
624,ID,4/13/20,11108,32.14285714
625,ID,4/20/20,12794,38.71428571
626,ID,4/27/20,14025,37.28571429
627,ID,5/4/20,15234,30.28571429
628,ID,5/11/20,16455,32.57142857
629,ID,5/18/20,17818,36.71428571
630,ID,5/25/20,19306,32
631,ID,6/1/20,21272,31.42857143
632,ID,6/8/20,23122,39.28571429
633,ID,6/15/20,26260,48.71428571
634,ID,6/22/20,33952,41.57142857
635,ID,6/29/20,46929,43
636,ID,7/6/20,66323,50.28571429
637,ID,7/13/20,91625,38.85714286
638,ID,7/20/20,117414,34.85714286
639,ID,7/27/20,141020,46.57142857
640,ID,8/3/20,163103,40.57142857
641,ID,8/10/20,185769,35.85714286
642,ID,8/17/20,202968,37.57142857
643,ID,8/24/20,217375,45.42857143
644,ID,8/31/20,230387,19
645,ID,9/7/20,242045,50.28571429
646,ID,9/14/20,255621,38.85714286
647,ID,9/21/20,274779,34.85714286
648,ID,9/28/20,297870,46.57142857
649,ID,10/5/20,324538,40.57142857
650,ID,10/12/20,355790,35.85714286
651,ID,10/19/20,396414,37.57142857
652,ID,10/26/20,439001,45.42857143
653,ID,11/2/20,486944,19
654,ID,11/9/20,548415,30
655,ID,11/16/20,615133,32.71428571
656,ID,11/23/20,679470,25.71428571
657,ID,11/30/20,744773,28
658,ID,12/7/20,111893,32.14285714
659,IL,3/2/20,33,39.16666667
660,IL,3/9/20,298,41.28571429
661,IL,3/16/20,4529,52.71428571
662,IL,3/23/20,22108,57.14285714
663,IL,3/30/20,63448,58.85714286
664,IL,4/6/20,124993,46.71428571
665,IL,4/13/20,192173,57.57142857
666,IL,4/20/20,276322,50.71428571
667,IL,4/27/20,391274,36.71428571
668,IL,5/4/20,511660,44.85714286
669,IL,5/11/20,629158,46.71428571
670,IL,5/18/20,736695,52.85714286
671,IL,5/25/20,821200,56.28571429
672,IL,6/1/20,881138,47.14285714
673,IL,6/8/20,923896,50.28571429
674,IL,6/15/20,954745,48
675,IL,6/22/20,988563,58.14285714
676,IL,6/29/20,1027205,48.71428571
677,IL,7/6/20,1069672,42.14285714
678,IL,7/13/20,1122512,58.28571429
679,IL,7/20/20,1186841,62.28571429
680,IL,7/27/20,1259098,53.71428571
681,IL,8/3/20,1341335,97.85714286
682,IL,8/10/20,1426341,50.57142857
683,IL,8/17/20,1521050,111.1428571
684,IL,8/24/20,1616714,72.28571429
685,IL,8/31/20,1722068,111.4285714
686,IL,9/7/20,1817662,75.14285714
687,IL,9/14/20,1906821,68.85714286
688,IL,9/21/20,2002081,61.14285714
689,IL,9/28/20,2100807,42.71428571
690,IL,10/5/20,2214704,60.14285714
691,IL,10/12/20,2374616,80.28571429
692,IL,10/19/20,2583332,71.42857143
693,IL,10/26/20,2860196,58.42857143
694,IL,11/2/20,3263907,46.14285714
695,IL,11/9/20,3845371,38
696,IL,11/16/20,4427602,49.28571429
697,IL,11/23/20,4921462,62.28571429
698,IL,11/30/20,5380911,41
699,IL,12/7/20,804174,49.28571429
700,IN,2/24/20,0,45
701,IN,3/2/20,6,41.14285714
702,IN,3/9/20,98,47.85714286
703,IN,3/16/20,790,57.14285714
704,IN,3/23/20,7000,53.57142857
705,IN,3/30/20,24508,50.71428571
706,IN,4/6/20,48307,51
707,IN,4/13/20,70715,49.85714286
708,IN,4/20/20,96622,45.71428571
709,IN,4/27/20,129970,40.71428571
710,IN,5/4/20,161037,48.57142857
711,IN,5/11/20,186621,42.42857143
712,IN,5/18/20,212316,51
713,IN,5/25/20,234756,60.14285714
714,IN,6/1/20,255640,44.14285714
715,IN,6/8/20,274146,51.28571429
716,IN,6/15/20,292100,49.14285714
717,IN,6/22/20,308539,42.14285714
718,IN,6/29/20,328619,38.85714286
719,IN,7/6/20,352292,47.42857143
720,IN,7/13/20,384379,41
721,IN,7/20/20,423588,41.42857143
722,IN,7/27/20,462796,59.14285714
723,IN,8/3/20,505106,51
724,IN,8/10/20,549678,80.42857143
725,IN,8/17/20,590618,52.85714286
726,IN,8/24/20,639540,74
727,IN,8/31/20,684538,54.57142857
728,IN,9/7/20,724918,52.42857143
729,IN,9/14/20,767658,47.57142857
730,IN,9/21/20,807927,43
731,IN,9/28/20,858082,51
732,IN,10/5/20,921290,53.14285714
733,IN,10/12/20,1004805,51.85714286
734,IN,10/19/20,1103661,45.85714286
735,IN,10/26/20,1230950,39
736,IN,11/2/20,1407434,40.14285714
737,IN,11/9/20,1664470,40.28571429
738,IN,11/16/20,1973696,44.42857143
739,IN,11/23/20,2263787,25.14285714
740,IN,11/30/20,2566016,35.42857143
741,IN,12/7/20,392663,31.57142857
742,KS,3/2/20,2,30
743,KS,3/9/20,37,29.14285714
744,KS,3/16/20,310,31.14285714
745,KS,3/23/20,1542,30.57142857
746,KS,3/30/20,4372,31
747,KS,4/6/20,8199,27.42857143
748,KS,4/13/20,11838,29.42857143
749,KS,4/20/20,19053,32.42857143
750,KS,4/27/20,30937,33.71428571
751,KS,5/4/20,44652,40.71428571
752,KS,5/11/20,54050,33.14285714
753,KS,5/18/20,61510,25.71428571
754,KS,5/25/20,67060,41.42857143
755,KS,6/1/20,72180,36
756,KS,6/8/20,76834,50.71428571
757,KS,6/15/20,83423,40.14285714
758,KS,6/22/20,93462,39.57142857
759,KS,6/29/20,109081,44.42857143
760,KS,7/6/20,128028,36.28571429
761,KS,7/13/20,151153,31.42857143
762,KS,7/20/20,173041,34.14285714
763,KS,7/27/20,192224,35.14285714
764,KS,8/3/20,211954,45.71428571
765,KS,8/10/20,233646,46
766,KS,8/17/20,255916,62
767,KS,8/24/20,284031,58.14285714
768,KS,8/31/20,313066,54
769,KS,9/7/20,336791,29.14285714
770,KS,9/14/20,362453,31.14285714
771,KS,9/21/20,392816,30.57142857
772,KS,9/28/20,424168,31
773,KS,10/5/20,455895,27.42857143
774,KS,10/12/20,491705,29.42857143
775,KS,10/19/20,529246,32.42857143
776,KS,10/26/20,587536,33.71428571
777,KS,11/2/20,670109,40.71428571
778,KS,11/9/20,791265,33.14285714
779,KS,11/16/20,925587,25.71428571
780,KS,11/23/20,1054162,41.42857143
781,KS,11/30/20,1160478,40.71428571
782,KS,12/7/20,174025,33.14285714
783,KY,3/2/20,6,33.33333333
784,KY,3/9/20,84,34.85714286
785,KY,3/16/20,387,45.28571429
786,KY,3/23/20,1862,52.42857143
787,KY,3/30/20,5224,50.42857143
788,KY,4/6/20,10692,38.71428571
789,KY,4/13/20,17167,46.14285714
790,KY,4/20/20,24854,45.71428571
791,KY,4/27/20,32656,40.85714286
792,KY,5/4/20,42298,42.57142857
793,KY,5/11/20,50655,40.57142857
794,KY,5/18/20,58267,40
795,KY,5/25/20,65123,52.14285714
796,KY,6/1/20,76327,17.5
797,KY,6/8/20,85018,52.42857143
798,KY,6/15/20,93694,50.42857143
799,KY,6/22/20,103418,38.71428571
800,KY,6/29/20,113825,46.14285714
801,KY,7/6/20,130516,45.71428571
802,KY,7/13/20,152347,40.85714286
803,KY,7/20/20,181122,42.57142857
804,KY,7/27/20,209806,40.57142857
805,KY,8/3/20,236802,40
806,KY,8/10/20,266658,52.14285714
807,KY,8/17/20,294809,17.5
808,KY,8/24/20,326538,34.85714286
809,KY,8/31/20,360040,45.28571429
810,KY,9/7/20,388414,52.42857143
811,KY,9/14/20,420827,50.42857143
812,KY,9/21/20,454938,38.71428571
813,KY,9/28/20,494927,46.14285714
814,KY,10/5/20,547359,45.71428571
815,KY,10/12/20,597056,40.85714286
816,KY,10/19/20,656875,42.57142857
817,KY,10/26/20,735209,40.57142857
818,KY,11/2/20,820236,40
819,KY,11/9/20,927334,52.14285714
820,KY,11/16/20,1061597,17.5
821,KY,11/23/20,1197019,52.42857143
822,KY,11/30/20,1356016,40
823,KY,12/7/20,205668,52.14285714
824,LA,3/2/20,1,39.5
825,LA,3/9/20,313,33.28571429
826,LA,3/16/20,3786,30.71428571
827,LA,3/23/20,19114,32.57142857
828,LA,3/30/20,71481,36.85714286
829,LA,4/6/20,132475,36
830,LA,4/13/20,161150,35.85714286
831,LA,4/20/20,182344,33.71428571
832,LA,4/27/20,199811,42
833,LA,5/4/20,216734,41
834,LA,5/11/20,235296,36.14285714
835,LA,5/18/20,255801,32.14285714
836,LA,5/25/20,273989,45
837,LA,6/1/20,293782,58.42857143
838,LA,6/8/20,317183,46.57142857
839,LA,6/15/20,342891,43.85714286
840,LA,6/22/20,380342,51
841,LA,6/29/20,437965,56.28571429
842,LA,7/6/20,519796,45.42857143
843,LA,7/13/20,616362,41
844,LA,7/20/20,722546,49.14285714
845,LA,7/27/20,811445,49.57142857
846,LA,8/3/20,898502,36.14285714
847,LA,8/10/20,952745,45
848,LA,8/17/20,989798,63.57142857
849,LA,8/24/20,1027465,54.71428571
850,LA,8/31/20,1064439,61.14285714
851,LA,9/7/20,1098063,47.28571429
852,LA,9/14/20,1126864,31.85714286
853,LA,9/21/20,1154262,24.57142857
854,LA,9/28/20,1179623,39.42857143
855,LA,10/5/20,1212289,65.57142857
856,LA,10/12/20,1241881,29.71428571
857,LA,10/19/20,1275388,39.71428571
858,LA,10/26/20,1305775,23.28571429
859,LA,11/2/20,1339940,50.14285714
860,LA,11/9/20,1401469,28.71428571
861,LA,11/16/20,1504335,29.71428571
862,LA,11/23/20,1601542,30.42857143
863,LA,11/30/20,1720766,26.33333333
864,LA,12/7/20,254562,26.33333333
865,MA,1/20/20,0,34.33333333
866,MA,1/27/20,0,31.71428571
867,MA,2/3/20,0,34
868,MA,2/10/20,0,40.28571429
869,MA,2/17/20,0,39.57142857
870,MA,2/24/20,0,32.85714286
871,MA,3/2/20,0,38.42857143
872,MA,3/9/20,230,41.42857143
873,MA,3/16/20,2468,42.42857143
874,MA,3/23/20,22935,41.85714286
875,MA,3/30/20,71108,39
876,MA,4/6/20,146458,36.42857143
877,MA,4/13/20,244459,40.42857143
878,MA,4/20/20,351790,37.14285714
879,MA,4/27/20,448520,40.28571429
880,MA,5/4/20,524348,43.57142857
881,MA,5/11/20,583427,43.28571429
882,MA,5/18/20,635476,40.57142857
883,MA,5/25/20,672391,38
884,MA,6/1/20,717569,41.57142857
885,MA,6/8/20,734459,41.14285714
886,MA,6/15/20,746315,31.42857143
887,MA,6/22/20,756835,42.85714286
888,MA,6/29/20,766940,34.57142857
889,MA,7/6/20,777769,45.14285714
890,MA,7/13/20,790498,44
891,MA,7/20/20,804816,34
892,MA,7/27/20,822731,39.42857143
893,MA,8/3/20,842077,40.71428571
894,MA,8/10/20,858067,37.14285714
895,MA,8/17/20,874689,44.25
896,MA,8/24/20,892676,40.28571429
897,MA,8/31/20,860872,43.57142857
898,MA,9/7/20,868083,43.28571429
899,MA,9/14/20,886319,40.57142857
900,MA,9/21/20,906719,38
901,MA,9/28/20,934913,41.57142857
902,MA,10/5/20,963992,41.14285714
903,MA,10/12/20,996407,31.42857143
904,MA,10/19/20,1038960,42.85714286
905,MA,10/26/20,1098797,34.57142857
906,MA,11/2/20,1171021,45.14285714
907,MA,11/9/20,1280562,44
908,MA,11/16/20,1407959,34
909,MA,11/23/20,1533204,39.42857143
910,MA,11/30/20,1718928,40.71428571
911,MA,12/7/20,263447,37.14285714
912,MD,3/2/20,14,23.5
913,MD,3/9/20,138,17.85714286
914,MD,3/16/20,1120,20.75
915,MD,3/23/20,5770,25
916,MD,3/30/20,19513,24
917,MD,4/6/20,47908,18.28571429
918,MD,4/13/20,80682,22.71428571
919,MD,4/20/20,117155,27.71428571
920,MD,4/27/20,162519,23.71428571
921,MD,5/4/20,212633,32.66666667
922,MD,5/11/20,258296,34
923,MD,5/18/20,310784,33.42857143
924,MD,5/25/20,354927,32.14285714
925,MD,6/1/20,395644,33.85714286
926,MD,6/8/20,424217,40.57142857
927,MD,6/15/20,445020,40.85714286
928,MD,6/22/20,462717,34.85714286
929,MD,6/29/20,481738,34.28571429
930,MD,7/6/20,503717,34.85714286
931,MD,7/13/20,535333,40.28571429
932,MD,7/20/20,573997,31.85714286
933,MD,7/27/20,618115,32.28571429
934,MD,8/3/20,657433,46
935,MD,8/10/20,691882,44.85714286
936,MD,8/17/20,720306,30.28571429
937,MD,8/24/20,746593,40
938,MD,8/31/20,775634,45.57142857
939,MD,9/7/20,803905,36.57142857
940,MD,9/14/20,833182,44.28571429
941,MD,9/21/20,856623,46.14285714
942,MD,9/28/20,882668,44.42857143
943,MD,10/5/20,910465,36.71428571
944,MD,10/12/20,940076,32.71428571
945,MD,10/19/20,971260,36.57142857
946,MD,10/26/20,1010288,31
947,MD,11/2/20,1060283,34.28571429
948,MD,11/9/20,1134477,24.85714286
949,MD,11/16/20,1239354,27.57142857
950,MD,11/23/20,1346228,31.57142857
951,MD,11/30/20,1463820,27.57142857
952,MD,12/7/20,219961,30
953,ME,3/2/20,0,41.16666667
954,ME,3/9/20,27,39.28571429
955,ME,3/16/20,454,41.28571429
956,ME,3/23/20,1336,48
957,ME,3/30/20,2880,46.28571429
958,ME,4/6/20,4149,40.57142857
959,ME,4/13/20,5716,43.85714286
960,ME,4/20/20,6725,44.85714286
961,ME,4/27/20,7856,45.85714286
962,ME,5/4/20,9490,41.57142857
963,ME,5/11/20,11208,40.85714286
964,ME,5/18/20,13527,39.28571429
965,ME,5/25/20,15617,40.71428571
966,ME,6/1/20,17405,38
967,ME,6/8/20,18991,41
968,ME,6/15/20,20312,42.85714286
969,ME,6/22/20,21747,43.42857143
970,ME,6/29/20,23483,40.57142857
971,ME,7/6/20,24502,38.14285714
972,ME,7/13/20,25422,43
973,ME,7/20/20,26376,37.85714286
974,ME,7/27/20,27369,30.14285714
975,ME,8/3/20,28095,44.57142857
976,ME,8/10/20,28833,37.71428571
977,ME,8/17/20,29993,43.71428571
978,ME,8/24/20,31134,51.42857143
979,ME,8/31/20,32414,32.85714286
980,ME,9/7/20,33599,37.71428571
981,ME,9/14/20,35046,41.71428571
982,ME,9/21/20,36615,47
983,ME,9/28/20,38177,37
984,ME,10/5/20,39645,40.14285714
985,ME,10/12/20,41111,39.85714286
986,ME,10/19/20,42767,36.14285714
987,ME,10/26/20,45917,27.14285714
988,ME,11/2/20,51891,28.85714286
989,ME,11/9/20,60148,24.42857143
990,ME,11/16/20,69600,26.85714286
991,ME,11/23/20,78909,35.28571429
992,ME,11/30/20,89832,31.71428571
993,ME,12/7/20,14049,31.57142857
994,MI,2/24/20,41,48.83333333
995,MI,3/2/20,1175,44
996,MI,3/9/20,10424,48.14285714
997,MI,3/16/20,43592,54.85714286
998,MI,3/23/20,95776,50.42857143
999,MI,3/30/20,156679,42.85714286
1000,MI,4/6/20,209644,54.14285714
1001,MI,4/13/20,253001,52.57142857
1002,MI,4/20/20,296479,45.71428571
1003,MI,4/27/20,335281,50
1004,MI,5/4/20,365477,45.14285714
1005,MI,5/11/20,401935,54.71428571
1006,MI,5/18/20,425794,47.28571429
1007,MI,5/25/20,441151,42.71428571
1008,MI,6/1/20,452909,42.85714286
1009,MI,6/8/20,459445,46.14285714
1010,MI,6/15/20,469874,46
1011,MI,6/22/20,484918,44.28571429
1012,MI,6/29/20,504461,35.71428571
1013,MI,7/6/20,529543,41.71428571
1014,MI,7/13/20,562810,46.14285714
1015,MI,7/20/20,595198,42.14285714
1016,MI,7/27/20,632754,69.28571429
1017,MI,8/3/20,667417,59.71428571
1018,MI,8/10/20,704272,74
1019,MI,8/17/20,737268,50.42857143
1020,MI,8/24/20,776283,72.42857143
1021,MI,8/31/20,812610,64.14285714
1022,MI,9/7/20,852265,56
1023,MI,9/14/20,890769,50.71428571
1024,MI,9/21/20,931778,37
1025,MI,9/28/20,979110,48.57142857
1026,MI,10/5/20,1033603,44
1027,MI,10/12/20,1105710,58.71428571
1028,MI,10/19/20,1206957,37.14285714
1029,MI,10/26/20,1350847,37.85714286
1030,MI,11/2/20,1557009,24.85714286
1031,MI,11/9/20,1865207,30.71428571
1032,MI,11/16/20,2231126,42.71428571
1033,MI,11/23/20,2567659,20.5
1034,MI,11/30/20,2919002,30.71428571
1035,MI,12/7/20,443076,42.71428571
1036,MN,3/2/20,10,38.66666667
1037,MN,3/9/20,534,40.14285714
1038,MN,3/16/20,2174,51.14285714
1039,MN,3/23/20,4386,47.57142857
1040,MN,3/30/20,7769,51.28571429
1041,MN,4/6/20,12017,50.28571429
1042,MN,4/13/20,18532,41.14285714
1043,MN,4/20/20,33094,51.85714286
1044,MN,4/27/20,59825,37.42857143
1045,MN,5/4/20,89006,39.71428571
1046,MN,5/11/20,119451,39.28571429
1047,MN,5/18/20,153817,37.28571429
1048,MN,5/25/20,180268,41.71428571
1049,MN,6/1/20,199520,39.85714286
1050,MN,6/8/20,212575,40.28571429
1051,MN,6/15/20,224498,30.28571429
1052,MN,6/22/20,242414,42.42857143
1053,MN,6/29/20,262182,32.85714286
1054,MN,7/6/20,286276,35.71428571
1055,MN,7/13/20,315053,31
1056,MN,7/20/20,346874,38.85714286
1057,MN,7/27/20,381078,40.85714286
1058,MN,8/3/20,415281,50.14285714
1059,MN,8/10/20,446139,40.14285714
1060,MN,8/17/20,476869,45.14285714
1061,MN,8/24/20,512883,44.28571429
1062,MN,8/31/20,552221,29.5
1063,MN,9/7/20,581289,42.42857143
1064,MN,9/14/20,615373,32.85714286
1065,MN,9/21/20,660754,35.71428571
1066,MN,9/28/20,710559,31
1067,MN,10/5/20,766160,38.85714286
1068,MN,10/12/20,835360,40.85714286
1069,MN,10/19/20,911433,50.14285714
1070,MN,10/26/20,1017520,40.14285714
1071,MN,11/2/20,1193795,45.14285714
1072,MN,11/9/20,1464012,44.28571429
1073,MN,11/16/20,1795207,29.5
1074,MN,11/23/20,2092278,40.85714286
1075,MN,11/30/20,2374683,50.14285714
1076,MN,12/7/20,359203,40.14285714
1077,MO,3/2/20,2,34.66666667
1078,MO,3/9/20,20,28.28571429
1079,MO,3/16/20,438,36.14285714
1080,MO,3/23/20,4417,52.42857143
1081,MO,3/30/20,14235,44
1082,MO,4/6/20,26274,33.14285714
1083,MO,4/13/20,36966,30
1084,MO,4/20/20,46018,28.14285714
1085,MO,4/27/20,55419,24.71428571
1086,MO,5/4/20,66276,40.71428571
1087,MO,5/11/20,73330,45.28571429
1088,MO,5/18/20,81117,34.57142857
1089,MO,5/25/20,89687,47
1090,MO,6/1/20,99381,39.71428571
1091,MO,6/8/20,108884,44.28571429
1092,MO,6/15/20,120884,43.85714286
1093,MO,6/22/20,138225,42.85714286
1094,MO,6/29/20,159098,48.85714286
1095,MO,7/6/20,184297,41.42857143
1096,MO,7/13/20,219216,36.42857143
1097,MO,7/20/20,273563,34.57142857
1098,MO,7/27/20,346715,42.85714286
1099,MO,8/3/20,397875,73.85714286
1100,MO,8/10/20,455027,59.14285714
1101,MO,8/17/20,510065,65.57142857
1102,MO,8/24/20,565806,59.42857143
1103,MO,8/31/20,631769,79.71428571
1104,MO,9/7/20,696299,62
1105,MO,9/14/20,769113,50.57142857
1106,MO,9/21/20,841027,40.57142857
1107,MO,9/28/20,905138,44
1108,MO,10/5/20,979244,
1109,MO,10/12/20,1065759,
1110,MO,10/19/20,1155720,
1111,MO,10/26/20,1262149,
1112,MO,11/2/20,1407234,
1113,MO,11/9/20,1610554,
1114,MO,11/16/20,1836353,
1115,MO,11/23/20,2027687,
1116,MO,11/30/20,2196526,
1117,MO,12/7/20,328206,
1158,MS,3/2/20,0,41.5
1159,MS,3/9/20,33,44.28571429
1160,MS,3/16/20,781,33
1161,MS,3/23/20,4029,49.42857143
1162,MS,3/30/20,9376,49.28571429
1163,MS,4/6/20,17012,34.57142857
1164,MS,4/13/20,26624,29.42857143
1165,MS,4/20/20,37920,41.14285714
1166,MS,4/27/20,49806,41.57142857
1167,MS,5/4/20,62960,48.42857143
1168,MS,5/11/20,75133,45.28571429
1169,MS,5/18/20,88232,47.42857143
1170,MS,5/25/20,103419,55
1171,MS,6/1/20,117468,60.14285714
1172,MS,6/8/20,132488,52.57142857
1173,MS,6/15/20,145644,45.85714286
1174,MS,6/22/20,173894,44.71428571
1175,MS,6/29/20,205518,48.71428571
1176,MS,7/6/20,241701,45.14285714
1177,MS,7/13/20,285108,45.14285714
1178,MS,7/20/20,346669,43.85714286
1179,MS,7/27/20,407988,44.42857143
1180,MS,8/3/20,456947,37.57142857
1181,MS,8/10/20,494886,50.85714286
1182,MS,8/17/20,533101,51.42857143
1183,MS,8/24/20,568960,56
1184,MS,8/31/20,599500,48.57142857
1185,MS,9/7/20,622193,51.85714286
1186,MS,9/14/20,645634,44.57142857
1187,MS,9/21/20,670521,25.71428571
1188,MS,9/28/20,695630,41.28571429
1189,MS,10/5/20,724242,52.57142857
1190,MS,10/12/20,760756,40.57142857
1191,MS,10/19/20,796341,39.57142857
1192,MS,10/26/20,833682,33
1193,MS,11/2/20,872304,57.14285714
1194,MS,11/9/20,922714,33.42857143
1195,MS,11/16/20,981879,43.28571429
1196,MS,11/23/20,1040944,31.71428571
1197,MS,11/30/20,1126414,28.25
1198,MS,12/7/20,167926,43.66666667
1199,MT,3/2/20,0,19.83333333
1200,MT,3/9/20,21,29
1201,MT,3/16/20,131,48.71428571
1202,MT,3/23/20,732,19
1203,MT,3/30/20,1712,18.71428571
1204,MT,4/6/20,2528,21.71428571
1205,MT,4/13/20,2932,14.14285714
1206,MT,4/20/20,3104,27.28571429
1207,MT,4/27/20,3175,19.85714286
1208,MT,5/4/20,3201,21.57142857
1209,MT,5/11/20,3257,21.85714286
1210,MT,5/18/20,3344,39.14285714
1211,MT,5/25/20,3477,23.14285714
1212,MT,6/1/20,3761,21.28571429
1213,MT,6/8/20,4049,26.28571429
1214,MT,6/15/20,4720,27.42857143
1215,MT,6/22/20,5775,20
1216,MT,6/29/20,7822,17.14285714
1217,MT,7/6/20,11035,19.85714286
1218,MT,7/13/20,16270,15.14285714
1219,MT,7/20/20,21457,12.28571429
1220,MT,7/27/20,27437,16.14285714
1221,MT,8/3/20,32960,14.71428571
1222,MT,8/10/20,38521,21.42857143
1223,MT,8/17/20,43384,14.85714286
1224,MT,8/24/20,49413,14.71428571
1225,MT,8/31/20,55834,46.14285714
1226,MT,9/7/20,61350,19.28571429
1227,MT,9/14/20,69084,18.42857143
1228,MT,9/21/20,80845,22.85714286
1229,MT,9/28/20,96988,37
1230,MT,10/5/20,121430,12.28571429
1231,MT,10/12/20,150793,16.14285714
1232,MT,10/19/20,184471,14.71428571
1233,MT,10/26/20,222629,21.42857143
1234,MT,11/2/20,264709,14.85714286
1235,MT,11/9/20,311567,14.71428571
1236,MT,11/16/20,371694,46.14285714
1237,MT,11/23/20,420391,19.28571429
1238,MT,11/30/20,462638,18.42857143
1239,MT,12/7/20,69346,22.85714286
1240,NC,3/2/20,10,36.33333333
1241,NC,3/9/20,129,31.71428571
1242,NC,3/16/20,1073,29.28571429
1243,NC,3/23/20,5583,34.85714286
1244,NC,3/30/20,14889,35.85714286
1245,NC,4/6/20,27854,39.14285714
1246,NC,4/13/20,40868,38.28571429
1247,NC,4/20/20,56426,44.71428571
1248,NC,4/27/20,75969,39
1249,NC,5/4/20,96448,36.14285714
1250,NC,5/11/20,120315,43.42857143
1251,NC,5/18/20,152211,45.85714286
1252,NC,5/25/20,186193,50.57142857
1253,NC,6/1/20,232542,41.14285714
1254,NC,6/8/20,287958,45.71428571
1255,NC,6/15/20,348531,41.28571429
1256,NC,6/22/20,412791,39
1257,NC,6/29/20,488732,44.14285714
1258,NC,7/6/20,570887,40.57142857
1259,NC,7/13/20,668435,46.14285714
1260,NC,7/20/20,761893,39
1261,NC,7/27/20,851908,40
1262,NC,8/3/20,929356,64.42857143
1263,NC,8/10/20,994124,42.71428571
1264,NC,8/17/20,1061677,38.57142857
1265,NC,8/24/20,1138809,59.85714286
1266,NC,8/31/20,1217075,56
1267,NC,9/7/20,1275664,40.71428571
1268,NC,9/14/20,1335716,53.71428571
1269,NC,9/21/20,1416288,43.71428571
1270,NC,9/28/20,1501498,31.66666667
1271,NC,10/5/20,1591025,35.28571429
1272,NC,10/12/20,1688375,34.71428571
1273,NC,10/19/20,1788175,40
1274,NC,10/26/20,1900225,42.71428571
1275,NC,11/2/20,2016853,36.14285714
1276,NC,11/9/20,2142250,26
1277,NC,11/16/20,2300591,30.28571429
1278,NC,11/23/20,2474068,28.14285714
1279,NC,11/30/20,2681658,20.33333333
1280,NC,12/7/20,404032,30.28571429
1281,ND,3/2/20,0,32.83333333
1282,ND,3/9/20,5,34.28571429
1283,ND,3/16/20,128,33.14285714
1284,ND,3/23/20,469,35.42857143
1285,ND,3/30/20,1206,40.57142857
1286,ND,4/6/20,1967,31.42857143
1287,ND,4/13/20,3273,32.85714286
1288,ND,4/20/20,5389,36.85714286
1289,ND,4/27/20,7767,33.42857143
1290,ND,5/4/20,9853,33.2
1291,ND,5/11/20,12353,31.57142857
1292,ND,5/18/20,15459,34
1293,ND,5/25/20,17609,33
1294,ND,6/1/20,19323,37.71428571
1295,ND,6/8/20,21066,36.71428571
1296,ND,6/15/20,22542,36.57142857
1297,ND,6/22/20,23964,37
1298,ND,6/29/20,25995,36.57142857
1299,ND,7/6/20,29089,34.57142857
1300,ND,7/13/20,33525,38.71428571
1301,ND,7/20/20,39236,37.28571429
1302,ND,7/27/20,45126,49.28571429
1303,ND,8/3/20,51252,45.85714286
1304,ND,8/10/20,57983,39.42857143
1305,ND,8/17/20,66019,41.57142857
1306,ND,8/24/20,77553,41.14285714
1307,ND,8/31/20,90624,44.14285714
1308,ND,9/7/20,103668,36.14285714
1309,ND,9/14/20,120159,32.57142857
1310,ND,9/21/20,138912,30.85714286
1311,ND,9/28/20,158705,26.28571429
1312,ND,10/5/20,182275,31.85714286
1313,ND,10/12/20,213238,32.57142857
1314,ND,10/19/20,251656,36
1315,ND,10/26/20,297624,35.14285714
1316,ND,11/2/20,359894,27.42857143
1317,ND,11/9/20,425043,25.57142857
1318,ND,11/16/20,489445,27
1319,ND,11/23/20,539398,35.28571429
1320,ND,11/30/20,571671,27
1321,ND,12/7/20,83342,35.28571429
1322,NE,2/10/20,0,29.16666667
1323,NE,2/17/20,0,32.28571429
1324,NE,2/24/20,0,33.57142857
1325,NE,3/2/20,5,37
1326,NE,3/9/20,80,36
1327,NE,3/16/20,240,27.28571429
1328,NE,3/23/20,620,32.42857143
1329,NE,3/30/20,2000,33.14285714
1330,NE,4/6/20,4473,36.85714286
1331,NE,4/13/20,7689,38.42857143
1332,NE,4/20/20,15488,34.14285714
1333,NE,4/27/20,30871,25.71428571
1334,NE,5/4/20,50862,31.71428571
1335,NE,5/11/20,66095,37.85714286
1336,NE,5/18/20,79803,59.28571429
1337,NE,5/25/20,92871,37.85714286
1338,NE,6/1/20,105495,43.14285714
1339,NE,6/8/20,113846,47.71428571
1340,NE,6/15/20,121631,33.71428571
1341,NE,6/22/20,128814,34.14285714
1342,NE,6/29/20,136397,33.71428571
1343,NE,7/6/20,144242,39
1344,NE,7/13/20,154654,59.42857143
1345,NE,7/20/20,166528,46.42857143
1346,NE,7/27/20,180548,44.71428571
1347,NE,8/3/20,194225,54.71428571
1348,NE,8/10/20,207231,78
1349,NE,8/17/20,219071,44.85714286
1350,NE,8/24/20,231458,44.85714286
1351,NE,8/31/20,246677,35.71428571
1352,NE,9/7/20,261026,30
1353,NE,9/14/20,279219,37.42857143
1354,NE,9/21/20,299003,35.28571429
1355,NE,9/28/20,323558,43.57142857
1356,NE,10/5/20,351884,42.71428571
1357,NE,10/12/20,388393,39.85714286
1358,NE,10/19/20,429341,26.14285714
1359,NE,10/26/20,476613,44.57142857
1360,NE,11/2/20,547637,42.28571429
1361,NE,11/9/20,645696,29.33333333
1362,NE,11/16/20,760054,39.85714286
1363,NE,11/23/20,852486,26.14285714
1364,NE,11/30/20,940568,44.57142857
1365,NE,12/7/20,141127,42.28571429
1366,NH,3/2/20,16,32
1367,NH,3/9/20,53,32.57142857
1368,NH,3/16/20,324,32.85714286
1369,NH,3/23/20,1219,37.57142857
1370,NH,3/30/20,3453,35.57142857
1371,NH,4/6/20,5909,35
1372,NH,4/13/20,8606,35.28571429
1373,NH,4/20/20,11611,41.71428571
1374,NH,4/27/20,15475,42.28571429
1375,NH,5/4/20,19925,42.57142857
1376,NH,5/11/20,23778,40.42857143
1377,NH,5/18/20,27503,39.14285714
1378,NH,5/25/20,30788,42.85714286
1379,NH,6/1/20,34186,38.42857143
1380,NH,6/8/20,36493,42.85714286
1381,NH,6/15/20,38143,43.57142857
1382,NH,6/22/20,39546,44.42857143
1383,NH,6/29/20,40777,42.14285714
1384,NH,7/6/20,41840,39.42857143
1385,NH,7/13/20,43008,43.42857143
1386,NH,7/20/20,44411,42.71428571
1387,NH,7/27/20,45917,35
1388,NH,8/3/20,47303,45.57142857
1389,NH,8/10/20,48562,34.42857143
1390,NH,8/17/20,49486,45.28571429
1391,NH,8/24/20,50494,43.14285714
1392,NH,8/31/20,51656,22
1393,NH,9/7/20,53243,42.14285714
1394,NH,9/14/20,55022,39.42857143
1395,NH,9/21/20,56586,43.42857143
1396,NH,9/28/20,59272,42.71428571
1397,NH,10/5/20,62614,35
1398,NH,10/12/20,66633,45.57142857
1399,NH,10/19/20,70814,34.42857143
1400,NH,10/26/20,76442,45.28571429
1401,NH,11/2/20,84259,43.14285714
1402,NH,11/9/20,97477,22
1403,NH,11/16/20,117047,45.57142857
1404,NH,11/23/20,136723,34.42857143
1405,NH,11/30/20,165438,45.28571429
1406,NH,12/7/20,26623,43.14285714
1407,NJ,2/3/20,0,44
1408,NJ,2/10/20,0,38.28571429
1409,NJ,2/17/20,0,38.85714286
1410,NJ,2/24/20,0,49.14285714
1411,NJ,3/2/20,23,32.85714286
1412,NJ,3/9/20,445,40.14285714
1413,NJ,3/16/20,8411,39.14285714
1414,NJ,3/23/20,64924,44.85714286
1415,NJ,3/30/20,209155,38.14285714
1416,NJ,4/6/20,382053,41.28571429
1417,NJ,4/13/20,549165,42.14285714
1418,NJ,4/20/20,716186,40.57142857
1419,NJ,4/27/20,848692,33.85714286
1420,NJ,5/4/20,947134,32.42857143
1421,NJ,5/11/20,1008374,40.28571429
1422,NJ,5/18/20,1065953,41.28571429
1423,NJ,5/25/20,1110022,35.42857143
1424,NJ,6/1/20,1142033,41.14285714
1425,NJ,6/8/20,1162711,36.57142857
1426,NJ,6/15/20,1179123,44
1427,NJ,6/22/20,1193733,35.42857143
1428,NJ,6/29/20,1208739,29.57142857
1429,NJ,7/6/20,1222564,42.42857143
1430,NJ,7/13/20,1235805,46.85714286
1431,NJ,7/20/20,1249166,46.28571429
1432,NJ,7/27/20,1270684,52.85714286
1433,NJ,8/3/20,1288292,18
1434,NJ,8/10/20,1307835,40.28571429
1435,NJ,8/17/20,1322318,41.28571429
1436,NJ,8/24/20,1336802,35.42857143
1437,NJ,8/31/20,1353475,41.14285714
1438,NJ,9/7/20,1370898,36.57142857
1439,NJ,9/14/20,1391630,44
1440,NJ,9/21/20,1415725,35.42857143
1441,NJ,9/28/20,1446847,29.57142857
1442,NJ,10/5/20,1482955,42.42857143
1443,NJ,10/12/20,1525862,46.85714286
1444,NJ,10/19/20,1580722,18
1445,NJ,10/26/20,1653910,40.28571429
1446,NJ,11/2/20,1748511,41.28571429
1447,NJ,11/9/20,1896797,35.42857143
1448,NJ,11/16/20,2083829,41.14285714
1449,NJ,11/23/20,2282312,36.57142857
1450,NJ,11/30/20,2497358,44
1451,NJ,12/7/20,377055,35.42857143
1452,NM,3/2/20,0,47.33333333
1453,NM,3/9/20,81,48.57142857
1454,NM,3/16/20,368,48.71428571
1455,NM,3/23/20,1294,43.85714286
1456,NM,3/30/20,3429,44.14285714
1457,NM,4/6/20,7605,36.14285714
1458,NM,4/13/20,11813,42.14285714
1459,NM,4/20/20,17391,47.28571429
1460,NM,4/27/20,24724,42.28571429
1461,NM,5/4/20,32305,44
1462,NM,5/11/20,39622,39.14285714
1463,NM,5/18/20,46370,46
1464,NM,5/25/20,52352,49.57142857
1465,NM,6/1/20,59991,48.28571429
1466,NM,6/8/20,66437,50.71428571
1467,NM,6/15/20,72100,49.28571429
1468,NM,6/22/20,79838,53
1469,NM,6/29/20,89545,56
1470,NM,7/6/20,101636,66.28571429
1471,NM,7/13/20,114871,59.71428571
1472,NM,7/20/20,129315,64.14285714
1473,NM,7/27/20,143857,61.71428571
1474,NM,8/3/20,153518,61.14285714
1475,NM,8/10/20,161816,53.28571429
1476,NM,8/17/20,168541,70.85714286
1477,NM,8/24/20,175042,53.71428571
1478,NM,8/31/20,181085,39
1479,NM,9/7/20,185705,43.85714286
1480,NM,9/14/20,191287,44.14285714
1481,NM,9/21/20,199009,36.14285714
1482,NM,9/28/20,209658,42.14285714
1483,NM,10/5/20,225383,47.28571429
1484,NM,10/12/20,249164,42.28571429
1485,NM,10/19/20,281645,44
1486,NM,10/26/20,319634,39.14285714
1487,NM,11/2/20,367836,46
1488,NM,11/9/20,432189,49.57142857
1489,NM,11/16/20,534708,48.28571429
1490,NM,11/23/20,642491,39.14285714
1491,NM,11/30/20,733070,46
1492,NM,12/7/20,109947,49.57142857
1493,NV,3/2/20,17,79.83333333
1494,NV,3/9/20,190,54.28571429
1495,NV,3/16/20,829,56.57142857
1496,NV,3/23/20,3909,60.85714286
1497,NV,3/30/20,10895,59.14285714
1498,NV,4/6/20,17952,50.42857143
1499,NV,4/13/20,24328,56.57142857
1500,NV,4/20/20,30455,43.42857143
1501,NV,4/27/20,36153,47
1502,NV,5/4/20,41185,44
1503,NV,5/11/20,46290,39.42857143
1504,NV,5/18/20,52213,45.42857143
1505,NV,5/25/20,58444,46.14285714
1506,NV,6/1/20,65012,46
1507,NV,6/8/20,74667,43.57142857
1508,NV,6/15/20,87733,50.57142857
1509,NV,6/22/20,111321,58.85714286
1510,NV,6/29/20,144910,59.85714286
1511,NV,7/6/20,181934,89.57142857
1512,NV,7/13/20,232252,60.85714286
1513,NV,7/20/20,285470,57.57142857
1514,NV,7/27/20,336132,76
1515,NV,8/3/20,381718,57
1516,NV,8/10/20,417847,62.28571429
1517,NV,8/17/20,450364,84.57142857
1518,NV,8/24/20,474748,86.14285714
1519,NV,8/31/20,495119,64.28571429
1520,NV,9/7/20,510285,79.85714286
1521,NV,9/14/20,525238,55.14285714
1522,NV,9/21/20,544329,57.42857143
1523,NV,9/28/20,567412,86.85714286
1524,NV,10/5/20,592209,83.71428571
1525,NV,10/12/20,621559,78.57142857
1526,NV,10/19/20,656775,97.42857143
1527,NV,10/26/20,697083,69.28571429
1528,NV,11/2/20,749150,94
1529,NV,11/9/20,818618,78.71428571
1530,NV,11/16/20,908690,83.57142857
1531,NV,11/23/20,1024342,78.28571429
1532,NV,11/30/20,1138183,46
1533,NV,12/7/20,173281,78.28571429
1534,NY,2/24/20,0,43.16666667
1535,NY,3/2/20,214,43
1536,NY,3/9/20,3057,35.85714286
1537,NY,3/16/20,61410,42.14285714
1538,NY,3/23/20,316698,34.71428571
1539,NY,3/30/20,721175,36.14285714
1540,NY,4/6/20,1182811,32.85714286
1541,NY,4/13/20,1594943,37.14285714
1542,NY,4/20/20,1906140,24.57142857
1543,NY,4/27/20,2155828,25.42857143
1544,NY,5/4/20,2308618,22
1545,NY,5/11/20,2417734,19.57142857
1546,NY,5/18/20,2506032,17.57142857
1547,NY,5/25/20,2575959,14
1548,NY,6/1/20,2632678,19.14285714
1549,NY,6/8/20,2672142,16.14285714
1550,NY,6/15/20,2705729,13.57142857
1551,NY,6/22/20,2737778,16.28571429
1552,NY,6/29/20,2769737,9.142857143
1553,NY,7/6/20,2801976,16.28571429
1554,NY,7/13/20,2837945,13.14285714
1555,NY,7/20/20,2872494,5.714285714
1556,NY,7/27/20,2904763,18.14285714
1557,NY,8/3/20,2936925,17
1558,NY,8/10/20,2968638,14
1559,NY,8/17/20,2999135,25.71428571
1560,NY,8/24/20,3029270,34
1561,NY,8/31/20,3065100,10.16666667
1562,NY,9/7/20,3099387,19.71428571
1563,NY,9/14/20,3136805,27.71428571
1564,NY,9/21/20,3176567,38.28571429
1565,NY,9/28/20,3231415,30.28571429
1566,NY,10/5/20,3299720,34
1567,NY,10/12/20,3367606,24.57142857
1568,NY,10/19/20,3442842,19
1569,NY,10/26/20,3536513,15.57142857
1570,NY,11/2/20,3657161,12.42857143
1571,NY,11/9/20,3854476,11.42857143
1572,NY,11/16/20,4096238,30.28571429
1573,NY,11/23/20,4392420,10
1574,NY,11/30/20,4794041,12.42857143
1575,NY,12/7/20,722464,11.42857143
1576,OH,3/2/20,3,25.5
1577,OH,3/9/20,124,23.71428571
1578,OH,3/16/20,1483,39.28571429
1579,OH,3/23/20,8264,39.85714286
1580,OH,3/30/20,23192,37.14285714
1581,OH,4/6/20,41149,29.85714286
1582,OH,4/13/20,67335,43.14285714
1583,OH,4/20/20,105580,40.14285714
1584,OH,4/27/20,130565,38.28571429
1585,OH,5/4/20,160247,36.42857143
1586,OH,5/11/20,188133,36.71428571
1587,OH,5/18/20,215145,36
1588,OH,5/25/20,241457,42.28571429
1589,OH,6/1/20,263606,41.42857143
1590,OH,6/8/20,282737,39.14285714
1591,OH,6/15/20,305892,39.57142857
1592,OH,6/22/20,339985,39.57142857
1593,OH,6/29/20,385367,39.85714286
1594,OH,7/6/20,439931,37.85714286
1595,OH,7/13/20,505109,43.28571429
1596,OH,7/20/20,570323,40.14285714
1597,OH,7/27/20,634256,41.85714286
1598,OH,8/3/20,690105,64.28571429
1599,OH,8/10/20,744080,42.42857143
1600,OH,8/17/20,790471,61.85714286
1601,OH,8/24/20,839790,51.28571429
1602,OH,8/31/20,897612,65.28571429
1603,OH,9/7/20,946826,61.85714286
1604,OH,9/14/20,997205,57.14285714
1605,OH,9/21/20,1041861,47.14285714
1606,OH,9/28/20,1095854,44
1607,OH,10/5/20,1160772,55.14285714
1608,OH,10/12/20,1244761,45.42857143
1609,OH,10/19/20,1351174,42.57142857
1610,OH,10/26/20,1486412,42.57142857
1611,OH,11/2/20,1682664,38.85714286
1612,OH,11/9/20,1979526,35
1613,OH,11/16/20,2351318,33.42857143
1614,OH,11/23/20,2779400,44.85714286
1615,OH,11/30/20,3198586,16.66666667
1616,OH,12/7/20,510018,33.42857143
1617,OK,3/2/20,3,28.33333333
1618,OK,3/9/20,33,39.85714286
1619,OK,3/16/20,340,40.57142857
1620,OK,3/23/20,2127,41.85714286
1621,OK,3/30/20,6889,38
1622,OK,4/6/20,12381,36.85714286
1623,OK,4/13/20,17118,42.28571429
1624,OK,4/20/20,21565,38.71428571
1625,OK,4/27/20,26116,36.28571429
1626,OK,5/4/20,30774,45.42857143
1627,OK,5/11/20,35577,32.85714286
1628,OK,5/18/20,40637,33.14285714
1629,OK,5/25/20,44471,51.85714286
1630,OK,6/1/20,48669,45.28571429
1631,OK,6/8/20,55038,53.28571429
1632,OK,6/15/20,67894,55.71428571
1633,OK,6/22/20,85587,54.14285714
1634,OK,6/29/20,105408,57.14285714
1635,OK,7/6/20,133460,48.71428571
1636,OK,7/13/20,167886,45.28571429
1637,OK,7/20/20,204764,46
1638,OK,7/27/20,255183,47.42857143
1639,OK,8/3/20,294292,59.57142857
1640,OK,8/10/20,327977,68.42857143
1641,OK,8/17/20,360950,64.57142857
1642,OK,8/24/20,394926,71.57142857
1643,OK,8/31/20,433598,65.14285714
1644,OK,9/7/20,473560,53.71428571
1645,OK,9/14/20,522002,59
1646,OK,9/21/20,575211,36.57142857
1647,OK,9/28/20,625393,49
1648,OK,10/5/20,678542,53.57142857
1649,OK,10/12/20,735127,52.71428571
1650,OK,10/19/20,796562,64
1651,OK,10/26/20,851317,64.42857143
1652,OK,11/2/20,922386,55.42857143
1653,OK,11/9/20,1035730,39.85714286
1654,OK,11/16/20,1174562,72.71428571
1655,OK,11/23/20,1323975,41.42857143
1656,OK,11/30/20,1462866,29.66666667
1657,OK,12/7/20,220686,41.42857143
1658,OR,3/2/20,44,31
1659,OR,3/9/20,188,31
1660,OR,3/16/20,790,34.28571429
1661,OR,3/23/20,2792,30
1662,OR,3/30/20,6350,35
1663,OR,4/6/20,9544,37.42857143
1664,OR,4/13/20,12527,41.57142857
1665,OR,4/20/20,15283,36.14285714
1666,OR,4/27/20,17963,40.57142857
1667,OR,5/4/20,21486,37.71428571
1668,OR,5/11/20,24644,34.85714286
1669,OR,5/18/20,26972,46.85714286
1670,OR,5/25/20,28952,33.42857143
1671,OR,6/1/20,32170,26.42857143
1672,OR,6/8/20,37653,21.14285714
1673,OR,6/15/20,46024,16.85714286
1674,OR,6/22/20,55024,13.71428571
1675,OR,6/29/20,67072,26.28571429
1676,OR,7/6/20,80523,39
1677,OR,7/13/20,96772,31.71428571
1678,OR,7/20/20,112687,29
1679,OR,7/27/20,129040,40
1680,OR,8/3/20,144309,43.14285714
1681,OR,8/10/20,158440,46.28571429
1682,OR,8/17/20,170934,32.85714286
1683,OR,8/24/20,182337,26.85714286
1684,OR,8/31/20,193048,22.75
1685,OR,9/7/20,202322,13
1686,OR,9/14/20,212099,18.33333333
1687,OR,9/21/20,225390,16.5
1688,OR,9/28/20,239155,23
1689,OR,10/5/20,255280,31.71428571
1690,OR,10/12/20,272042,29
1691,OR,10/19/20,289013,40
1692,OR,10/26/20,310546,43.14285714
1693,OR,11/2/20,341146,46.28571429
1694,OR,11/9/20,384039,32.85714286
1695,OR,11/16/20,436458,26.85714286
1696,OR,11/23/20,498731,22.75
1697,OR,11/30/20,569041,13
1698,OR,12/7/20,87082,18.33333333
1699,PA,3/2/20,22,44.33333333
1700,PA,3/9/20,277,37.14285714
1701,PA,3/16/20,2176,41.71428571
1702,PA,3/23/20,16115,49.85714286
1703,PA,3/30/20,60591,47.42857143
1704,PA,4/6/20,137692,43.71428571
1705,PA,4/13/20,205596,43.42857143
1706,PA,4/20/20,269181,45
1707,PA,4/27/20,328028,42
1708,PA,5/4/20,379036,42.42857143
1709,PA,5/11/20,423848,42.28571429
1710,PA,5/18/20,461864,41.28571429
1711,PA,5/25/20,496910,41.57142857
1712,PA,6/1/20,525578,39.28571429
1713,PA,6/8/20,546835,44.28571429
1714,PA,6/15/20,565481,43.28571429
1715,PA,6/22/20,589881,40.57142857
1716,PA,6/29/20,620196,42.42857143
1717,PA,7/6/20,655887,40.57142857
1718,PA,7/13/20,695266,46.14285714
1719,PA,7/20/20,738404,37.71428571
1720,PA,7/27/20,783409,37.28571429
1721,PA,8/3/20,820920,53.42857143
1722,PA,8/10/20,859586,54.42857143
1723,PA,8/17/20,893252,39.71428571
1724,PA,8/24/20,924081,53.57142857
1725,PA,8/31/20,962643,23
1726,PA,9/7/20,999160,44.28571429
1727,PA,9/14/20,1041045,43.28571429
1728,PA,9/21/20,1079998,40.57142857
1729,PA,9/28/20,1127214,42.42857143
1730,PA,10/5/20,1185601,40.57142857
1731,PA,10/12/20,1253644,46.14285714
1732,PA,10/19/20,1332713,37.71428571
1733,PA,10/26/20,1437472,37.28571429
1734,PA,11/2/20,1570228,53.42857143
1735,PA,11/9/20,1779956,54.42857143
1736,PA,11/16/20,2068733,39.71428571
1737,PA,11/23/20,2399094,53.57142857
1738,PA,11/30/20,2786050,39.71428571
1739,PA,12/7/20,436614,53.57142857
1740,PR,3/9/20,5,13.33333333
1741,PR,3/16/20,104,10.8
1742,PR,3/23/20,634,10.85714286
1743,PR,3/30/20,2659,12.85714286
1744,PR,4/6/20,5189,13.85714286
1745,PR,4/13/20,7591,10.28571429
1746,PR,4/20/20,6663,14.28571429
1747,PR,4/27/20,6683,19.42857143
1748,PR,5/4/20,7181,13.42857143
1749,PR,5/11/20,7743,11.14285714
1750,PR,5/18/20,9187,12.66666667
1751,PR,5/25/20,8982,8
1752,PR,6/1/20,9367,9.285714286
1753,PR,6/8/20,10042,11
1754,PR,6/15/20,10564,11.14285714
1755,PR,6/22/20,11153,10.14285714
1756,PR,6/29/20,12714,9.714285714
1757,PR,7/6/20,16733,7.285714286
1758,PR,7/13/20,23601,4
1759,PR,7/20/20,33647,4
1760,PR,7/27/20,43693,5.166666667
1761,PR,8/3/20,57977,4.714285714
1762,PR,8/10/20,74826,5.142857143
1763,PR,8/17/20,91094,4.142857143
1764,PR,8/24/20,102888,4.857142857
1765,PR,8/31/20,112900,4
1766,PR,9/7/20,121526,11.14285714
1767,PR,9/14/20,134392,10.14285714
1768,PR,9/21/20,152080,9.714285714
1769,PR,9/28/20,171717,7.285714286
1770,PR,10/5/20,183967,4
1771,PR,10/12/20,197031,4
1772,PR,10/19/20,215069,5.166666667
1773,PR,10/26/20,236204,4.714285714
1774,PR,11/2/20,258810,5.142857143
1775,PR,11/9/20,286814,4.142857143
1776,PR,11/16/20,319354,4.857142857
1777,PR,11/23/20,353005,4
1778,PR,11/30/20,385555,4.142857143
1779,PR,12/7/20,58316,4.857142857
1780,RI,2/24/20,4,42.83333333
1781,RI,3/2/20,20,40.71428571
1782,RI,3/9/20,103,43.28571429
1783,RI,3/16/20,542,51
1784,RI,3/23/20,2013,45.28571429
1785,RI,3/30/20,6271,38.85714286
1786,RI,4/6/20,17573,38.85714286
1787,RI,4/13/20,32039,41
1788,RI,4/20/20,49521,40.71428571
1789,RI,4/27/20,64532,42.28571429
1790,RI,5/4/20,77815,40.71428571
1791,RI,5/11/20,88436,39
1792,RI,5/18/20,97077,41.14285714
1793,RI,5/25/20,103288,37.85714286
1794,RI,6/1/20,108340,42.57142857
1795,RI,6/8/20,111927,43.14285714
1796,RI,6/15/20,114742,42
1797,RI,6/22/20,117279,42.42857143
1798,RI,6/29/20,119334,38.85714286
1799,RI,7/6/20,121074,43.28571429
1800,RI,7/13/20,124222,34.71428571
1801,RI,7/20/20,127383,32.42857143
1802,RI,7/27/20,132787,45.28571429
1803,RI,8/3/20,137892,39.85714286
1804,RI,8/10/20,142282,38.71428571
1805,RI,8/17/20,147120,50.57142857
1806,RI,8/24/20,151807,46.57142857
1807,RI,8/31/20,156041,37.14285714
1808,RI,9/7/20,160182,39
1809,RI,9/14/20,165326,53.71428571
1810,RI,9/21/20,169819,56.14285714
1811,RI,9/28/20,175327,57.71428571
1812,RI,10/5/20,183872,45
1813,RI,10/12/20,193840,47.85714286
1814,RI,10/19/20,209948,37.28571429
1815,RI,10/26/20,229991,35.14285714
1816,RI,11/2/20,254722,30.85714286
1817,RI,11/9/20,290995,30
1818,RI,11/16/20,335514,43.85714286
1819,RI,11/23/20,378998,22.66666667
1820,RI,11/30/20,434506,30.85714286
1821,RI,12/7/20,67067,30
1822,SC,3/2/20,11,32.16666667
1823,SC,3/9/20,98,35
1824,SC,3/16/20,879,29.57142857
1825,SC,3/23/20,3872,38.28571429
1826,SC,3/30/20,11499,40.42857143
1827,SC,4/6/20,20671,33.28571429
1828,SC,4/13/20,27796,36.28571429
1829,SC,4/20/20,35267,40.85714286
1830,SC,4/27/20,43588,40.42857143
1831,SC,5/4/20,50608,39
1832,SC,5/11/20,58615,42.71428571
1833,SC,5/18/20,67094,45.42857143
1834,SC,5/25/20,78361,45.71428571
1835,SC,6/1/20,94526,48.57142857
1836,SC,6/8/20,120726,46
1837,SC,6/15/20,158905,46
1838,SC,6/22/20,213770,42
1839,SC,6/29/20,290164,52
1840,SC,7/6/20,368886,44
1841,SC,7/13/20,461820,40
1842,SC,7/20/20,547216,26
1843,SC,7/27/20,621881,37
1844,SC,8/3/20,685732,44.28571429
1845,SC,8/10/20,733186,43.57142857
1846,SC,8/17/20,771615,41.14285714
1847,SC,8/24/20,812695,46.28571429
1848,SC,8/31/20,860218,59.71428571
1849,SC,9/7/20,902281,44.14285714
1850,SC,9/14/20,952428,58.57142857
1851,SC,9/21/20,1006699,36.85714286
1852,SC,9/28/20,1047716,38.14285714
1853,SC,10/5/20,1089188,40.42857143
1854,SC,10/12/20,1133864,27
1855,SC,10/19/20,1179404,26.42857143
1856,SC,10/26/20,1229807,33
1857,SC,11/2/20,1282154,49
1858,SC,11/9/20,1345462,30.57142857
1859,SC,11/16/20,1420533,37.14285714
1860,SC,11/23/20,1492687,35.57142857
1861,SC,11/30/20,1584809,25
1862,SC,12/7/20,236954,37.14285714
1863,SD,3/2/20,0,35.57142857
1864,SD,3/9/20,50,25
1865,SD,3/16/20,110,32.66666667
1866,SD,3/23/20,434,32.57142857
1867,SD,3/30/20,1329,35.57142857
1868,SD,4/6/20,3920,37.57142857
1869,SD,4/13/20,9740,35.42857143
1870,SD,4/20/20,14213,33.28571429
1871,SD,4/27/20,17547,35
1872,SD,5/4/20,22073,37
1873,SD,5/11/20,27047,35.85714286
1874,SD,5/18/20,30485,37.28571429
1875,SD,5/25/20,34009,28.85714286
1876,SD,6/1/20,37029,29.14285714
1877,SD,6/8/20,40193,29.14285714
1878,SD,6/15/20,43131,32.28571429
1879,SD,6/22/20,45809,41.57142857
1880,SD,6/29/20,48657,35.14285714
1881,SD,7/6/20,51619,39.57142857
1882,SD,7/13/20,54418,37.71428571
1883,SD,7/20/20,57583,28.85714286
1884,SD,7/27/20,61424,23.28571429
1885,SD,8/3/20,65636,25.71428571
1886,SD,8/10/20,70201,50.71428571
1887,SD,8/17/20,76420,68
1888,SD,8/24/20,87894,57
1889,SD,8/31/20,101983,50.28571429
1890,SD,9/7/20,112801,52
1891,SD,9/14/20,126055,30.5
1892,SD,9/21/20,143886,23.28571429
1893,SD,9/28/20,164046,25.71428571
1894,SD,10/5/20,189844,50.71428571
1895,SD,10/12/20,222087,68
1896,SD,10/19/20,259805,57
1897,SD,10/26/20,311455,50.28571429
1898,SD,11/2/20,368126,52
1899,SD,11/9/20,434914,30.5
1900,SD,11/16/20,495894,68
1901,SD,11/23/20,544886,57
1902,SD,11/30/20,588656,50.28571429
1903,SD,12/7/20,87038,52
1904,TN,3/2/20,9,33.33333333
1905,TN,3/9/20,181,39.14285714
1906,TN,3/16/20,2044,39.71428571
1907,TN,3/23/20,8355,50.57142857
1908,TN,3/30/20,21590,63.42857143
1909,TN,4/6/20,34028,38.71428571
1910,TN,4/13/20,45823,40.85714286
1911,TN,4/20/20,61002,49.57142857
1912,TN,4/27/20,82453,39.57142857
1913,TN,5/4/20,101462,46.14285714
1914,TN,5/11/20,118837,40.85714286
1915,TN,5/18/20,135806,43.14285714
1916,TN,5/25/20,155161,54.42857143
1917,TN,6/1/20,179233,55.85714286
1918,TN,6/8/20,204433,44.42857143
1919,TN,6/15/20,235920,50.42857143
1920,TN,6/22/20,273657,40.57142857
1921,TN,6/29/20,338152,48.28571429
1922,TN,7/6/20,414877,43
1923,TN,7/13/20,515413,47.42857143
1924,TN,7/20/20,623647,42.57142857
1925,TN,7/27/20,737143,43.85714286
1926,TN,8/3/20,828882,53.28571429
1927,TN,8/10/20,910476,61.85714286
1928,TN,8/17/20,984221,62
1929,TN,8/24/20,1053092,60.71428571
1930,TN,8/31/20,1125900,37
1931,TN,9/7/20,1187426,48.28571429
1932,TN,9/14/20,1260317,43
1933,TN,9/21/20,1326473,47.42857143
1934,TN,9/28/20,1391089,42.57142857
1935,TN,10/5/20,1478328,43.85714286
1936,TN,10/12/20,1572631,53.28571429
1937,TN,10/19/20,1690390,61.85714286
1938,TN,10/26/20,1809047,62
1939,TN,11/2/20,1928910,60.71428571
1940,TN,11/9/20,2115258,37
1941,TN,11/16/20,2326463,61.85714286
1942,TN,11/23/20,2507395,62
1943,TN,11/30/20,2752177,60.71428571
1944,TN,12/7/20,414749,37
1945,TX,3/2/20,35,69.66666667
1946,TX,3/9/20,260,46.57142857
1947,TX,3/16/20,1474,41
1948,TX,3/23/20,11992,45.14285714
1949,TX,3/30/20,37460,39.57142857
1950,TX,4/6/20,79467,47.85714286
1951,TX,4/13/20,120583,38.14285714
1952,TX,4/20/20,159716,38.57142857
1953,TX,4/27/20,204943,48.28571429
1954,TX,5/4/20,256388,48.42857143
1955,TX,5/11/20,315976,45.57142857
1956,TX,5/18/20,372780,45.57142857
1957,TX,5/25/20,426768,61.57142857
1958,TX,6/1/20,500519,53.28571429
1959,TX,6/8/20,585246,57.57142857
1960,TX,6/15/20,726914,61.85714286
1961,TX,6/22/20,960942,73
1962,TX,6/29/20,1275143,63
1963,TX,7/6/20,1675039,71.14285714
1964,TX,7/13/20,2132845,65.28571429
1965,TX,7/20/20,2567733,54.28571429
1966,TX,7/27/20,2933609,61.42857143
1967,TX,8/3/20,3311739,60.28571429
1968,TX,8/10/20,3648978,72.71428571
1969,TX,8/17/20,3968687,59.57142857
1970,TX,8/24/20,4208225,71.71428571
1971,TX,8/31/20,4409171,42.5
1972,TX,9/7/20,4571215,46.57142857
1973,TX,9/14/20,4777567,41
1974,TX,9/21/20,5096590,45.14285714
1975,TX,9/28/20,5298963,39.57142857
1976,TX,10/5/20,5496279,47.85714286
1977,TX,10/12/20,5700998,38.14285714
1978,TX,10/19/20,5956559,38.57142857
1979,TX,10/26/20,6249340,48.28571429
1980,TX,11/2/20,6590508,48.42857143
1981,TX,11/9/20,7021204,45.57142857
1982,TX,11/16/20,7502255,45.57142857
1983,TX,11/23/20,8013465,61.57142857
1984,TX,11/30/20,8577136,53.28571429
1985,TX,12/7/20,1272504,57.57142857
1986,UT,3/2/20,3,43.83333333
1987,UT,3/9/20,87,38.57142857
1988,UT,3/16/20,878,58.71428571
1989,UT,3/23/20,3654,54.42857143
1990,UT,3/30/20,8927,41.14285714
1991,UT,4/6/20,14534,42.85714286
1992,UT,4/13/20,19655,41.71428571
1993,UT,4/20/20,26439,50.42857143
1994,UT,4/27/20,33811,43.14285714
1995,UT,5/4/20,41403,45.28571429
1996,UT,5/11/20,48404,42.57142857
1997,UT,5/18/20,56332,43.42857143
1998,UT,5/25/20,64840,43.57142857
1999,UT,6/1/20,78950,44.57142857
2000,UT,6/8/20,95154,45.14285714
2001,UT,6/15/20,114981,48.71428571
2002,UT,6/22/20,139900,54.28571429
2003,UT,6/29/20,167032,50.71428571
2004,UT,7/6/20,196736,75.14285714
2005,UT,7/13/20,227761,51.14285714
2006,UT,7/20/20,257656,51.42857143
2007,UT,7/27/20,281347,51.71428571
2008,UT,8/3/20,302793,57.28571429
2009,UT,8/10/20,321109,52.71428571
2010,UT,8/17/20,338398,46.28571429
2011,UT,8/24/20,356813,67
2012,UT,8/31/20,376355,99.14285714
2013,UT,9/7/20,397286,90.42857143
2014,UT,9/14/20,432198,69.71428571
2015,UT,9/21/20,478218,65
2016,UT,9/28/20,526951,99.71428571
2017,UT,10/5/20,582442,82.42857143
2018,UT,10/12/20,642453,70.71428571
2019,UT,10/19/20,709789,111.1428571
2020,UT,10/26/20,788475,86.85714286
2021,UT,11/2/20,890155,72.28571429
2022,UT,11/9/20,1027261,52
2023,UT,11/16/20,1188140,71.71428571
2024,UT,11/23/20,1321571,60
2025,UT,11/30/20,1461660,64.57142857
2026,UT,12/7/20,219971,68.57142857
2027,VA,2/24/20,0,34.5
2028,VA,3/2/20,5,33
2029,VA,3/9/20,190,33.85714286
2030,VA,3/16/20,977,40.28571429
2031,VA,3/23/20,4394,40.42857143
2032,VA,3/30/20,14374,32
2033,VA,4/6/20,31627,36.71428571
2034,VA,4/13/20,52631,44.14285714
2035,VA,4/20/20,81359,40.42857143
2036,VA,4/27/20,117941,42.85714286
2037,VA,5/4/20,156771,37.85714286
2038,VA,5/11/20,200242,37.71428571
2039,VA,5/18/20,243860,37.28571429
2040,VA,5/25/20,297141,38.14285714
2041,VA,6/1/20,340861,42.57142857
2042,VA,6/8/20,373034,46
2043,VA,6/15/20,398039,37.85714286
2044,VA,6/22/20,424196,38.14285714
2045,VA,6/29/20,451077,37.57142857
2046,VA,7/6/20,483128,42.85714286
2047,VA,7/13/20,528012,35.85714286
2048,VA,7/20/20,577613,34.71428571
2049,VA,7/27/20,629468,47.57142857
2050,VA,8/3/20,683073,45.85714286
2051,VA,8/10/20,732584,35.14285714
2052,VA,8/17/20,776711,48.42857143
2053,VA,8/24/20,822293,25.66666667
2054,VA,8/31/20,872828,18
2055,VA,9/7/20,921186,31.33333333
2056,VA,9/14/20,969339,19
2057,VA,9/21/20,1010670,19
2058,VA,9/28/20,1049425,9
2059,VA,10/5/20,1095248,11
2060,VA,10/12/20,1147684,17.5
2061,VA,10/19/20,1197932,16
2062,VA,10/26/20,1256985,16
2063,VA,11/2/20,1323012,18
2064,VA,11/9/20,1396103,11
2065,VA,11/16/20,1494226,6
2066,VA,11/23/20,1616620,37.85714286
2067,VA,11/30/20,1739522,38.14285714
2068,VA,12/7/20,262730,37.57142857
2069,VI,3/9/20,1,18
2070,VI,3/16/20,39,33
2071,VI,3/23/20,145,14
2072,VI,3/30/20,256,14
2073,VI,4/6/20,337,25.5
2074,VI,4/13/20,363,18
2075,VI,4/20/20,387,13
2076,VI,4/27/20,451,42
2077,VI,5/4/20,472,14
2078,VI,5/11/20,483,20
2079,VI,5/18/20,483,16.5
2080,VI,5/25/20,484,15
2081,VI,6/1/20,495,18
2082,VI,6/8/20,504,19
2083,VI,6/15/20,519,36
2084,VI,6/22/20,558,24
2085,VI,6/29/20,698,15
2086,VI,7/6/20,1089,22
2087,VI,7/13/20,1845,30
2088,VI,7/20/20,2377,19
2089,VI,7/27/20,2832,18
2090,VI,8/3/20,3589,19
2091,VI,8/10/20,4836,16
2092,VI,8/17/20,6329,82
2093,VI,8/24/20,7536,57
2094,VI,8/31/20,8114,18
2095,VI,9/7/20,8432,19
2096,VI,9/14/20,8717,36
2097,VI,9/21/20,9070,24
2098,VI,9/28/20,9260,15
2099,VI,10/5/20,9263,22
2100,VI,10/12/20,9308,30
2101,VI,10/19/20,9401,19
2102,VI,10/26/20,9549,18
2103,VI,11/2/20,9751,19
2104,VI,11/9/20,9942,16
2105,VI,11/16/20,10363,82
2106,VI,11/23/20,10696,57
2107,VI,11/30/20,11230,82
2108,VI,12/7/20,1680,57
2109,VT,3/2/20,2,35
2110,VT,3/9/20,31,34.28571429
2111,VT,3/16/20,257,43
2112,VT,3/23/20,1270,42.57142857
2113,VT,3/30/20,2877,57.85714286
2114,VT,4/6/20,4694,37
2115,VT,4/13/20,5534,41.28571429
2116,VT,4/20/20,5863,45.42857143
2117,VT,4/27/20,6151,46.42857143
2118,VT,5/4/20,6415,43.42857143
2119,VT,5/11/20,6529,39
2120,VT,5/18/20,6665,40.14285714
2121,VT,5/25/20,6830,42.42857143
2122,VT,6/1/20,7206,38.42857143
2123,VT,6/8/20,7773,42
2124,VT,6/15/20,8005,39
2125,VT,6/22/20,8356,44.28571429
2126,VT,6/29/20,8633,41.85714286
2127,VT,7/6/20,8941,37.42857143
2128,VT,7/13/20,9332,43.42857143
2129,VT,7/20/20,9698,46
2130,VT,7/27/20,9909,36.14285714
2131,VT,8/3/20,10132,38.14285714
2132,VT,8/10/20,10488,30.28571429
2133,VT,8/17/20,10809,40
2134,VT,8/24/20,11148,28.85714286
2135,VT,8/31/20,11459,16
2136,VT,9/7/20,11693,42
2137,VT,9/14/20,11975,39
2138,VT,9/21/20,12149,44.28571429
2139,VT,9/28/20,12432,41.85714286
2140,VT,10/5/20,12963,37.42857143
2141,VT,10/12/20,13444,43.42857143
2142,VT,10/19/20,14214,46
2143,VT,10/26/20,15234,36.14285714
2144,VT,11/2/20,16504,38.14285714
2145,VT,11/9/20,19664,30.28571429
2146,VT,11/16/20,24575,40
2147,VT,11/23/20,28591,28.85714286
2148,VT,11/30/20,33273,16
2149,VT,12/7/20,5180,36.14285714
2150,WA,1/20/20,0,35
2151,WA,1/27/20,0,38
2152,WA,2/3/20,0,34.71428571
2153,WA,2/10/20,0,35.14285714
2154,WA,2/17/20,0,39.14285714
2155,WA,2/24/20,117,36.71428571
2156,WA,3/2/20,1566,43.14285714
2157,WA,3/9/20,6967,40
2158,WA,3/16/20,18950,37.28571429
2159,WA,3/23/20,36946,34.14285714
2160,WA,3/30/20,56345,62.85714286
2161,WA,4/6/20,71907,35.28571429
2162,WA,4/13/20,85278,37.42857143
2163,WA,4/20/20,97912,44.42857143
2164,WA,4/27/20,110667,34.28571429
2165,WA,5/4/20,122307,33.57142857
2166,WA,5/11/20,133289,36.28571429
2167,WA,5/18/20,144858,41
2168,WA,5/25/20,157478,35.42857143
2169,WA,6/1/20,172657,30.42857143
2170,WA,6/8/20,189121,40.42857143
2171,WA,6/15/20,209023,31.28571429
2172,WA,6/22/20,235745,26.85714286
2173,WA,6/29/20,268727,34.14285714
2174,WA,7/6/20,304854,49.42857143
2175,WA,7/13/20,343490,51.85714286
2176,WA,7/20/20,382714,28.85714286
2177,WA,7/27/20,417774,35.14285714
2178,WA,8/3/20,448676,37.85714286
2179,WA,8/10/20,475931,44.28571429
2180,WA,8/17/20,497822,38.85714286
2181,WA,8/24/20,510191,49
2182,WA,8/31/20,531213,33
2183,WA,9/7/20,552162,36.42857143
2184,WA,9/14/20,570426,2
2185,WA,9/21/20,591651,36.71428571
2186,WA,9/28/20,617421,43.14285714
2187,WA,10/5/20,642695,40
2188,WA,10/12/20,674540,37.28571429
2189,WA,10/19/20,705381,34.14285714
2190,WA,10/26/20,740216,62.85714286
2191,WA,11/2/20,790978,35.28571429
2192,WA,11/9/20,865217,37.42857143
2193,WA,11/16/20,960551,44.42857143
2194,WA,11/23/20,1087869,34.28571429
2195,WA,11/30/20,1202544,33.57142857
2196,WA,12/7/20,184404,36.28571429
2197,WI,3/2/20,6,33
2198,WI,3/9/20,153,37.57142857
2199,WI,3/16/20,1819,42
2200,WI,3/23/20,6799,54.28571429
2201,WI,3/30/20,15694,50.57142857
2202,WI,4/6/20,25317,40.28571429
2203,WI,4/13/20,33716,43.85714286
2204,WI,4/20/20,44489,42.71428571
2205,WI,4/27/20,59338,37.57142857
2206,WI,5/4/20,76825,42.28571429
2207,WI,5/11/20,93370,44.42857143
2208,WI,5/18/20,113760,43.85714286
2209,WI,5/25/20,136982,46.71428571
2210,WI,6/1/20,157191,35.57142857
2211,WI,6/8/20,173015,49.28571429
2212,WI,6/15/20,188295,40.57142857
2213,WI,6/22/20,207556,46.57142857
2214,WI,6/29/20,234304,43.57142857
2215,WI,7/6/20,266823,35.42857143
2216,WI,7/13/20,308475,41
2217,WI,7/20/20,354491,49.28571429
2218,WI,7/27/20,398514,43.85714286
2219,WI,8/3/20,440698,66
2220,WI,8/10/20,479588,41.14285714
2221,WI,8/17/20,515762,93.57142857
2222,WI,8/24/20,550868,41.71428571
2223,WI,8/31/20,589916,35
2224,WI,9/7/20,641305,40.28571429
2225,WI,9/14/20,720543,43.85714286
2226,WI,9/21/20,821504,42.71428571
2227,WI,9/28/20,942443,37.57142857
2228,WI,10/5/20,1066269,42.28571429
2229,WI,10/12/20,1210786,44.42857143
2230,WI,10/19/20,1402292,43.85714286
2231,WI,10/26/20,1621976,46.71428571
2232,WI,11/2/20,1887665,35.57142857
2233,WI,11/9/20,2210846,49.28571429
2234,WI,11/16/20,2544273,40.57142857
2235,WI,11/23/20,2802292,46.57142857
2236,WI,11/30/20,3018410,43.57142857
2237,WI,12/7/20,448009,35.42857143
2238,WV,3/2/20,0,27.66666667
2239,WV,3/9/20,0,29.57142857
2240,WV,3/16/20,49,31.71428571
2241,WV,3/23/20,521,38.28571429
2242,WV,3/30/20,1758,37
2243,WV,4/6/20,3765,29.42857143
2244,WV,4/13/20,5385,34.28571429
2245,WV,4/20/20,6935,39.42857143
2246,WV,4/27/20,7994,35.71428571
2247,WV,5/4/20,9144,38
2248,WV,5/11/20,10075,34
2249,WV,5/18/20,11513,31.71428571
2250,WV,5/25/20,13579,44.71428571
2251,WV,6/1/20,14751,44.42857143
2252,WV,6/8/20,15648,41.71428571
2253,WV,6/15/20,17151,44.57142857
2254,WV,6/22/20,19032,39
2255,WV,6/29/20,21861,39
2256,WV,7/6/20,27517,38.42857143
2257,WV,7/13/20,33482,40.71428571
2258,WV,7/20/20,39485,32.71428571
2259,WV,7/27/20,46125,38.14285714
2260,WV,8/3/20,51931,44.28571429
2261,WV,8/10/20,57961,39.71428571
2262,WV,8/17/20,63349,40.85714286
2263,WV,8/24/20,68719,49.85714286
2264,WV,8/31/20,77307,48.14285714
2265,WV,9/7/20,85700,43.14285714
2266,WV,9/14/20,95384,43.28571429
2267,WV,9/21/20,104565,35.28571429
2268,WV,9/28/20,113709,33.85714286
2269,WV,10/5/20,123429,47.28571429
2270,WV,10/12/20,136210,39.28571429
2271,WV,10/19/20,149543,36.28571429
2272,WV,10/26/20,167804,39.85714286
2273,WV,11/2/20,190165,34.42857143
2274,WV,11/9/20,222964,33.42857143
2275,WV,11/16/20,268670,32.85714286
2276,WV,11/23/20,315043,35.14285714
2277,WV,11/30/20,366617,16.66666667
2278,WV,12/7/20,57060,35.14285714
2279,WY,2/24/20,0,37.33333333
2280,WY,3/2/20,0,35.14285714
2281,WY,3/9/20,10,40.85714286
2282,WY,3/16/20,135,36.85714286
2283,WY,3/23/20,458,38.57142857
2284,WY,3/30/20,1145,36
2285,WY,4/6/20,2259,37.14285714
2286,WY,4/13/20,2865,35.14285714
2287,WY,4/20/20,3327,38.14285714
2288,WY,4/27/20,3966,38.42857143
2289,WY,5/4/20,4498,30
2290,WY,5/11/20,5041,35.85714286
2291,WY,5/18/20,5661,40.14285714
2292,WY,5/25/20,6188,39.85714286
2293,WY,6/1/20,6527,40.28571429
2294,WY,6/8/20,7175,42.14285714
2295,WY,6/15/20,8126,41.71428571
2296,WY,6/22/20,9489,43.14285714
2297,WY,6/29/20,11048,45.28571429
2298,WY,7/6/20,12620,41.42857143
2299,WY,7/13/20,14452,50.14285714
2300,WY,7/20/20,16719,40.71428571
2301,WY,7/27/20,19054,43.28571429
2302,WY,8/3/20,20870,54.28571429
2303,WY,8/10/20,22305,46.14285714
2304,WY,8/17/20,24510,46.85714286
2305,WY,8/24/20,26249,27
2306,WY,8/31/20,27775,46.14285714
2307,WY,9/7/20,29752,36.85714286
2308,WY,9/14/20,32998,38.57142857
2309,WY,9/21/20,37762,36
2310,WY,9/28/20,43564,37.14285714
2311,WY,10/5/20,50964,35.14285714
2312,WY,10/12/20,60333,38.14285714
2313,WY,10/19/20,73361,38.42857143
2314,WY,10/26/20,90675,30
2315,WY,11/2/20,113394,35.85714286
2316,WY,11/9/20,148004,40.14285714
2317,WY,11/16/20,188036,39.85714286
2318,WY,11/23/20,220977,40.28571429
2319,WY,11/30/20,248370,42.14285714
2320,WY,12/7/20,37475,41.71428571